3222.00000,0.0
3225.56364,1.0009e-15
3229.12728,1.0809e-15
3232.69092,1.1193e-15
3236.25456,1.1528e-15
3239.81819,1.2132e-15
3243.38183,1.248e-15
3246.94547,1.4202e-15
3250.50911,1.5833e-15
3254.07275,1.6765e-15
3257.63639,1.6927e-15
3261.20003,1.6808e-15
3264.76367,1.6936e-15
3268.32731,1.743e-15
3271.89095,1.7456e-15
3275.45458,1.6107e-15
3279.01822,1.4387e-15
3282.58186,1.2735e-15
3286.14550,1.1857e-15
3289.70914,1.2167e-15
3293.27278,1.3243e-15
3296.83642,1.4631e-15
3300.40006,1.5934e-15
3303.96370,1.6028e-15
3307.52734,1.6211e-15
3311.09098,1.5899e-15
3314.65461,1.4876e-15
3318.21825,1.5769e-15
3321.78189,1.847e-15
3325.34553,2.9795e-15
3328.90917,5.3926e-15
3332.47281,7.7461e-15
3336.03645,8.7853e-15
3339.60009,9.0613e-15
3343.16373,9.2056e-15
3346.72737,9.1968e-15
3350.29100,9.1944e-15
3353.85464,8.9383e-15
3357.41828,7.4925e-15
3360.98192,4.9264e-15
3364.54556,2.9388e-15
3368.10920,2.3434e-15
3371.67284,2.3458e-15
3375.23648,2.4366e-15
3378.80012,2.5159e-15
3382.36375,2.5876e-15
3385.92739,2.7714e-15
3389.49103,3.032e-15
3393.05467,3.3411e-15
3396.61831,3.4759e-15
3400.18195,3.4954e-15
3403.74559,5.2462e-15
3407.30923,1.1529e-14
3410.87287,1.9794e-14
3414.43651,2.4138e-14
3418.00014,2.5153e-14
3421.56378,2.5826e-14
3425.12742,2.6333e-14
3428.69106,2.6408e-14
3432.25470,2.6592e-14
3435.81834,2.533e-14
3439.38198,1.9117e-14
3442.94562,1.0674e-14
3446.50926,5.3655e-15
3450.07290,3.4805e-15
3453.63654,2.9384e-15
3457.20017,2.4933e-15
3460.76381,1.9938e-15
3464.32745,1.7821e-15
3467.89109,1.7764e-15
3471.45473,1.8283e-15
3475.01837,1.873e-15
3478.58201,1.9595e-15
3482.14565,2.0441e-15
3485.70929,2.0916e-15
3489.27293,2.1324e-15
3492.83656,2.0644e-15
3496.40020,1.8863e-15
3499.96384,1.7338e-15
3503.52748,1.6496e-15
3507.09112,1.5359e-15
3510.65476,1.4084e-15
3514.21840,1.2815e-15
3517.78204,1.1965e-15
3521.34568,1.1579e-15
3524.90931,1.1405e-15
3528.47295,1.139e-15
3532.03659,1.1322e-15
3535.60023,1.1666e-15
3539.16387,1.2146e-15
3542.72751,1.2278e-15
3546.29115,1.225e-15
3549.85479,1.2352e-15
3553.41843,1.2557e-15
3556.98207,1.2399e-15
3560.54570,1.2543e-15
3564.10934,1.3841e-15
3567.67298,1.716e-15
3571.23662,2.1919e-15
3574.80026,2.4659e-15
3578.36390,2.4723e-15
3581.92754,2.4761e-15
3585.49118,2.4965e-15
3589.05482,2.4708e-15
3592.61846,2.4415e-15
3596.18210,2.3934e-15
3599.74573,2.1249e-15
3603.30937,1.628e-15
3606.87301,1.2523e-15
3610.43665,1.1501e-15
3614.00029,1.1757e-15
3617.56393,1.168e-15
3621.12757,1.1954e-15
3624.69121,1.1842e-15
3628.25485,1.1759e-15
3631.81848,1.2074e-15
3635.38212,1.2244e-15
3638.94576,1.2656e-15
3642.50940,1.3467e-15
3646.07304,1.4971e-15
3649.63668,1.6057e-15
3653.20032,1.5905e-15
3656.76396,1.6052e-15
3660.32760,1.6297e-15
3663.89124,1.6422e-15
3667.45487,1.6069e-15
3671.01851,1.5752e-15
3674.58215,1.531e-15
3678.14579,1.4845e-15
3681.70943,1.4389e-15
3685.27307,1.5212e-15
3688.83671,1.7149e-15
3692.40035,1.8207e-15
3695.96399,1.9276e-15
3699.52763,2.0777e-15
3703.09127,2.1696e-15
3706.65490,2.4624e-15
3710.21854,2.8401e-15
3713.78218,3.1052e-15
3717.34582,3.183e-15
3720.90946,3.1868e-15
3724.47310,3.1541e-15
3728.03674,3.075e-15
3731.60038,3.0256e-15
3735.16402,3.2583e-15
3738.72765,4.0352e-15
3742.29129,5.0777e-15
3745.85493,5.6585e-15
3749.41857,5.6172e-15
3752.98221,5.4845e-15
3756.54585,5.5166e-15
3760.10949,5.4918e-15
3763.67313,5.3437e-15
3767.23677,5.2328e-15
3770.80041,4.9043e-15
3774.36404,3.8507e-15
3777.92768,2.5444e-15
3781.49132,1.9344e-15
3785.05496,1.8013e-15
3788.61860,1.6554e-15
3792.18224,1.6819e-15
3795.74588,2.0214e-15
3799.30952,2.3666e-15
3802.87316,2.589e-15
3806.43680,2.7064e-15
3810.00043,2.6839e-15
3813.56407,2.5466e-15
3817.12771,2.566e-15
3820.69135,2.81e-15
3824.25499,2.8806e-15
3827.81863,2.6308e-15
3831.38227,2.3759e-15
3834.94591,2.2704e-15
3838.50955,2.2176e-15
3842.07319,2.259e-15
3845.63683,3.0147e-15
3849.20046,6.1381e-15
3852.76410,1.0408e-14
3856.32774,1.1726e-14
3859.89138,1.0528e-14
3863.45502,9.7208e-15
3867.01866,9.9739e-15
3870.58230,1.0587e-14
3874.14594,1.127e-14
3877.70958,1.2577e-14
3881.27322,1.3256e-14
3884.83685,1.0351e-14
3888.40049,5.7457e-15
3891.96413,3.3682e-15
3895.52777,3.0189e-15
3899.09141,3.1087e-15
3902.65505,3.0548e-15
3906.21869,2.5328e-15
3909.78233,1.7064e-15
3913.34597,1.0923e-15
3916.90960,8.6006e-16
3920.47324,8.3767e-16
3924.03688,8.6495e-16
3927.60052,8.4402e-16
3931.16416,7.9287e-16
3934.72780,7.9565e-16
3938.29144,8.602e-16
3941.85508,9.8176e-16
3945.41872,1.5551e-15
3948.98236,3.0507e-15
3952.54599,4.5484e-15
3956.10963,4.8589e-15
3959.67327,4.4826e-15
3963.23691,4.192e-15
3966.80055,4.0545e-15
3970.36419,4.1437e-15
3973.92783,4.3879e-15
3977.49147,4.9232e-15
3981.05511,5.0341e-15
3984.61875,3.7953e-15
3988.18239,2.0694e-15
3991.74602,1.221e-15
3995.30966,1.0779e-15
3998.87330,1.0568e-15
4002.43694,1.034e-15
4006.00058,1.0414e-15
4009.56422,1.041e-15
4013.12786,1.017e-15
4016.69150,9.8846e-16
4020.25514,9.7073e-16
4023.81877,9.6448e-16
4027.38241,9.423e-16
4030.94605,9.0848e-16
4034.50969,9.0157e-16
4038.07333,9.2536e-16
4041.63697,9.1874e-16
4045.20061,8.792e-16
4048.76425,9.9842e-16
4052.32789,1.4342e-15
4055.89153,1.9117e-15
4059.45516,2.0529e-15
4063.01880,1.9768e-15
4066.58244,1.9934e-15
4070.14608,2.1037e-15
4073.70972,2.3752e-15
4077.27336,3.1147e-15
4080.83700,4.4023e-15
4084.40064,5.6573e-15
4087.96428,5.9739e-15
4091.52792,5.4707e-15
4095.09155,4.9784e-15
4098.65519,4.8475e-15
4102.21883,4.8577e-15
4105.78247,4.8516e-15
4109.34611,4.913e-15
4112.90975,4.8014e-15
4116.47339,3.9946e-15
4120.03703,2.5906e-15
4123.60067,1.4892e-15
4127.16431,1.1228e-15
4130.72794,1.1193e-15
4134.29158,1.1337e-15
4137.85522,1.0974e-15
4141.41886,1.0402e-15
4144.98250,1.0097e-15
4148.54614,1.0056e-15
4152.10978,1.0141e-15
4155.67342,1.0334e-15
4159.23706,1.0722e-15
4162.80070,1.1006e-15
4166.36434,1.1185e-15
4169.92797,1.1202e-15
4173.49161,1.1105e-15
4177.05525,1.1753e-15
4180.61889,1.3234e-15
4184.18253,1.4338e-15
4187.74617,1.4694e-15
4191.30981,1.501e-15
4194.87345,1.5129e-15
4198.43709,1.4515e-15
4202.00072,1.3594e-15
4205.56436,1.2845e-15
4209.12800,1.2152e-15
4212.69164,1.1533e-15
4216.25528,1.0381e-15
4219.81892,9.203e-16
4223.38256,8.962e-16
4226.94620,9.1011e-16
4230.50984,9.4015e-16
4234.07348,9.7196e-16
4237.63711,9.667e-16
4241.20075,9.5482e-16
4244.76439,9.5731e-16
4248.32803,9.6658e-16
4251.89167,1.0069e-15
4255.45531,1.0617e-15
4259.01895,1.0409e-15
4262.58259,9.7481e-16
4266.14623,9.3234e-16
4269.70987,9.0764e-16
4273.27351,9.1272e-16
4276.83714,9.3485e-16
4280.40078,9.4081e-16
4283.96442,9.4351e-16
4287.52806,9.7212e-16
4291.09170,9.8826e-16
4294.65534,9.7606e-16
4298.21898,9.9263e-16
4301.78262,1.0201e-15
4305.34626,1.0159e-15
4308.90989,9.9594e-16
4312.47353,1.015e-15
4316.03717,1.2505e-15
4319.60081,2.1359e-15
4323.16445,3.3465e-15
4326.72809,3.8913e-15
4330.29173,3.8449e-15
4333.85537,3.8421e-15
4337.41901,5.677e-15
4340.98265,1.4493e-14
4344.54629,2.8824e-14
4348.10992,3.7028e-14
4351.67356,3.5982e-14
4355.23720,3.3347e-14
4358.80084,3.3243e-14
4362.36448,3.3972e-14
4365.92812,3.2821e-14
4369.49176,3.1084e-14
4373.05540,3.2745e-14
4376.61904,3.5406e-14
4380.18268,2.9629e-14
4383.74631,1.561e-14
4387.30995,4.8956e-15
4390.87359,1.6544e-15
4394.43723,1.4319e-15
4398.00087,1.3759e-15
4401.56451,1.2114e-15
4405.12815,1.0811e-15
4408.69179,1.0465e-15
4412.25543,1.0792e-15
4415.81906,1.128e-15
4419.38270,1.1307e-15
4422.94634,1.1298e-15
4426.50998,1.2156e-15
4430.07362,1.3099e-15
4433.63726,1.2936e-15
4437.20090,1.1993e-15
4440.76454,1.1535e-15
4444.32818,1.1936e-15
4447.89182,1.292e-15
4451.45546,1.4e-15
4455.01909,1.4645e-15
4458.58273,1.4873e-15
4462.14637,1.4541e-15
4465.71001,1.4045e-15
4469.27365,1.3845e-15
4472.83729,1.3669e-15
4476.40093,1.3939e-15
4479.96457,1.5087e-15
4483.52821,1.671e-15
4487.09184,1.7973e-15
4490.65548,1.8868e-15
4494.21912,2.0083e-15
4497.78276,2.147e-15
4501.34640,2.2508e-15
4504.91004,2.3371e-15
4508.47368,2.3914e-15
4512.03732,2.3884e-15
4515.60096,2.3355e-15
4519.16460,2.2337e-15
4522.72823,2.1768e-15
4526.29187,2.1533e-15
4529.85551,2.035e-15
4533.41915,1.8248e-15
4536.98279,1.6089e-15
4540.54643,1.4229e-15
4544.11007,1.2962e-15
4547.67371,1.235e-15
4551.23735,1.2092e-15
4554.80099,1.1705e-15
4558.36463,1.0981e-15
4561.92826,1.0133e-15
4565.49190,9.4849e-16
4569.05554,9.6471e-16
4572.61918,1.032e-15
4576.18282,1.0947e-15
4579.74646,1.2731e-15
4583.31010,1.6727e-15
4586.87374,2.167e-15
4590.43738,2.5029e-15
4594.00101,2.6445e-15
4597.56465,2.7759e-15
4601.12829,2.9685e-15
4604.69193,3.1728e-15
4608.25557,3.5244e-15
4611.81921,4.2669e-15
4615.38285,5.3615e-15
4618.94649,6.6427e-15
4622.51013,7.5254e-15
4626.07377,7.5239e-15
4629.63740,7.2042e-15
4633.20104,7.1146e-15
4636.76468,7.2277e-15
4640.32832,7.311e-15
4643.89196,7.2509e-15
4647.45560,7.2214e-15
4651.01924,7.1464e-15
4654.58288,6.8181e-15
4658.14652,6.1133e-15
4661.71016,5.2421e-15
4665.27380,4.8863e-15
4668.83743,4.9583e-15
4672.40107,4.8845e-15
4675.96471,4.7587e-15
4679.52835,4.733e-15
4683.09199,4.7709e-15
4686.65563,4.8096e-15
4690.21927,4.8365e-15
4693.78291,4.8715e-15
4697.34655,4.9656e-15
4700.91018,5.0525e-15
4704.47382,4.6395e-15
4708.03746,3.7692e-15
4711.60110,3.0955e-15
4715.16474,2.8599e-15
4718.72838,2.7788e-15
4722.29202,2.6053e-15
4725.85566,2.4156e-15
4729.41930,2.2677e-15
4732.98294,2.0861e-15
4736.54658,1.9082e-15
4740.11021,1.7246e-15
4743.67385,1.4653e-15
4747.23749,1.1534e-15
4750.80113,9.3209e-16
4754.36477,8.4953e-16
4757.92841,8.1829e-16
4761.49205,7.8881e-16
4765.05569,7.9565e-16
4768.61933,8.2175e-16
4772.18296,8.1849e-16
4775.74660,7.9652e-16
4779.31024,7.4535e-16
4782.87388,8.0926e-16
4786.43752,8.6003e-16
4790.00116,7.9763e-16
4793.56480,7.3304e-16
4797.12844,8.5755e-16
4800.69208,8.824e-16
4804.25572,8.1481e-16
4807.81935,7.4451e-16
4811.38299,7.2346e-16
4814.94663,6.6823e-16
4818.51027,7.2822e-16
4822.07391,7.3622e-16
4825.63755,6.6201e-16
4829.20119,7.4292e-16
4832.76483,1.0725e-15
4836.32847,2.3097e-15
4839.89211,4.9244e-15
4843.45575,6.9652e-15
4847.01938,7.2139e-15
4850.58302,6.618e-15
4854.14666,6.3028e-15
4857.71030,6.4451e-15
4861.27394,6.6339e-15
4864.83758,6.5975e-15
4868.40122,6.5292e-15
4871.96486,6.8835e-15
4875.52850,7.5101e-15
4879.09213,7.1178e-15
4882.65577,4.6323e-15
4886.21941,2.21e-15
4889.78305,1.3283e-15
4893.34669,1.2009e-15
4896.91033,1.161e-15
4900.47397,1.1164e-15
4904.03761,1.2772e-15
4907.60125,1.5072e-15
4911.16489,1.7812e-15
4914.72853,2.0015e-15
4918.29216,2.3626e-15
4921.85580,3.0317e-15
4925.41944,3.7377e-15
4928.98308,5.4034e-15
4932.54672,1.3308e-14
4936.11036,3.2553e-14
4939.67400,5.0373e-14
4943.23764,5.1164e-14
4946.80128,4.3576e-14
4950.36492,4.0061e-14
4953.92855,3.903e-14
4957.49219,3.947e-14
4961.05583,3.9231e-14
4964.61947,3.8114e-14
4968.18311,3.9516e-14
4971.74675,4.5564e-14
4975.31039,5.2896e-14
4978.87403,5.7593e-14
4982.43767,8.2507e-14
4986.00130,1.3172e-13
4989.56494,1.5083e-13
4993.12858,1.3126e-13
4996.69222,1.1397e-13
5000.25586,1.0809e-13
5003.81950,1.0887e-13
5007.38314,1.1055e-13
5010.94678,1.0867e-13
5014.51042,1.0929e-13
5018.07406,1.212e-13
5021.63769,1.4489e-13
5025.20133,1.482e-13
5028.76497,9.7289e-14
5032.32861,3.4941e-14
5035.89225,7.0293e-15
5039.45589,2.5062e-15
5043.01953,2.2295e-15
5046.58317,1.9508e-15
5050.14681,1.7687e-15
5053.71045,1.8532e-15
5057.27409,1.8907e-15
5060.83772,1.7377e-15
5064.40136,1.3569e-15
5067.96500,1.0237e-15
5071.52864,1.0669e-15
5075.09228,9.9305e-16
5078.65592,9.2943e-16
5082.21956,8.8716e-16
5085.78320,7.6504e-16
5089.34684,7.7725e-16
5092.91047,8.1009e-16
5096.47411,8.2475e-16
5100.03775,7.89e-16
5103.60139,7.844e-16
5107.16503,7.757e-16
5110.72867,7.3256e-16
5114.29231,7.2784e-16
5117.85595,8.7066e-16
5121.41959,1.0735e-15
5124.98323,1.2987e-15
5128.54687,1.4278e-15
5132.11050,1.4979e-15
5135.67414,1.5909e-15
5139.23778,1.7008e-15
5142.80142,1.7933e-15
5146.36506,1.9118e-15
5149.92870,2.2162e-15
5153.49234,2.7482e-15
5157.05598,3.1821e-15
5160.61962,3.3064e-15
5164.18325,3.198e-15
5167.74689,2.9951e-15
5171.31053,2.7762e-15
5174.87417,2.6554e-15
5178.43781,2.549e-15
5182.00145,2.3475e-15
5185.56509,2.1658e-15
5189.12873,2.143e-15
5192.69237,2.1598e-15
5196.25601,1.96e-15
5199.81964,1.5069e-15
5203.38328,1.0271e-15
5206.94692,7.7516e-16
5210.51056,7.2401e-16
5214.07420,7.3426e-16
5217.63784,7.3401e-16
5221.20148,7.1304e-16
5224.76512,7.0419e-16
5228.32876,7.0286e-16
5231.89240,7.0745e-16
5235.45604,7.1996e-16
5239.01967,7.3901e-16
5242.58331,8.0892e-16
5246.14695,9.9864e-16
5249.71059,1.2722e-15
5253.27423,1.488e-15
5256.83787,1.5751e-15
5260.40151,1.634e-15
5263.96515,1.8353e-15
5267.52879,2.2478e-15
5271.09242,2.7196e-15
5274.65606,3.0735e-15
5278.21970,3.3351e-15
5281.78334,3.6191e-15
5285.34698,4.0124e-15
5288.91062,4.295e-15
5292.47426,4.2231e-15
5296.03790,3.925e-15
5299.60154,3.6157e-15
5303.16518,3.3633e-15
5306.72882,3.0975e-15
5310.29245,2.7324e-15
5313.85609,2.2718e-15
5317.41973,1.8932e-15
5320.98337,1.6899e-15
5324.54701,1.6382e-15
5328.11065,1.58e-15
5331.67429,1.3617e-15
5335.23793,1.0775e-15
5338.80157,9.0152e-16
5342.36521,8.6158e-16
5345.92884,8.7826e-16
5349.49248,9.121e-16
5353.05612,9.4226e-16
5356.61976,9.2113e-16
5360.18340,8.5798e-16
5363.74704,8.0963e-16
5367.31068,7.8803e-16
5370.87432,7.6844e-16
5374.43796,7.8549e-16
5378.00159,8.092e-16
5381.56523,8.4406e-16
5385.12887,9.3646e-16
5388.69251,1.0466e-15
5392.25615,1.1162e-15
5395.81979,1.1263e-15
5399.38343,1.151e-15
5402.94707,1.2137e-15
5406.51071,1.2612e-15
5410.07435,1.2577e-15
5413.63798,1.2412e-15
5417.20162,1.2031e-15
5420.76526,1.1833e-15
5424.32890,1.2169e-15
5427.89254,1.2302e-15
5431.45618,1.1835e-15
5435.01982,1.1007e-15
5438.58346,1.0197e-15
5442.14710,1.0007e-15
5445.71074,1.0074e-15
5449.27437,9.7888e-16
5452.83801,9.1546e-16
5456.40165,8.956e-16
5459.96529,9.127e-16
5463.52893,9.2933e-16
5467.09257,9.3988e-16
5470.65621,9.5163e-16
5474.21985,9.8584e-16
5477.78349,9.7632e-16
5481.34713,9.2992e-16
5484.91077,9.1737e-16
5488.47440,9.0101e-16
5492.03804,8.6839e-16
5495.60168,8.581e-16
5499.16532,8.7167e-16
5502.72896,8.8379e-16
5506.29260,9.2107e-16
5509.85624,9.7621e-16
5513.41988,1.0237e-15
5516.98352,1.0452e-15
5520.54716,1.0447e-15
5524.11079,1.038e-15
5527.67443,1.047e-15
5531.23807,1.0766e-15
5534.80171,1.0755e-15
5538.36535,1.0729e-15
5541.92899,1.0746e-15
5545.49263,1.0461e-15
5549.05627,1.028e-15
5552.61991,1.0291e-15
5556.18354,1.0139e-15
5559.74718,9.7092e-16
5563.31082,9.6432e-16
5566.87446,9.8313e-16
5570.43810,1.0025e-15
5574.00174,1.1253e-15
5577.56538,1.1332e-15
5581.12902,9.732e-16
5584.69266,9.7687e-16
5588.25630,1.0896e-15
5591.81993,1.2105e-15
5595.38357,1.3742e-15
5598.94721,1.521e-15
5602.51085,1.5794e-15
5606.07449,1.6049e-15
5609.63813,1.6452e-15
5613.20177,1.6448e-15
5616.76541,1.5872e-15
5620.32905,1.5225e-15
5623.89269,1.4817e-15
5627.45632,1.4602e-15
5631.01996,1.4549e-15
5634.58360,1.4384e-15
5638.14724,1.3798e-15
5641.71088,1.3434e-15
5645.27452,1.3481e-15
5648.83816,1.4183e-15
5652.40180,1.6043e-15
5655.96544,1.8108e-15
5659.52908,1.8793e-15
5663.09271,1.8144e-15
5666.65635,1.7754e-15
5670.21999,1.7767e-15
5673.78363,1.7778e-15
5677.34727,1.7744e-15
5680.91091,1.7912e-15
5684.47455,1.8329e-15
5688.03819,2.0113e-15
5691.60183,2.4832e-15
5695.16547,3.2645e-15
5698.72911,3.9857e-15
5702.29274,4.0978e-15
5705.85638,3.7465e-15
5709.42002,3.4601e-15
5712.98366,3.4255e-15
5716.54730,3.4743e-15
5720.11094,3.626e-15
5723.67458,4.2037e-15
5727.23822,6.0699e-15
5730.80186,9.102e-15
5734.36550,1.0764e-14
5737.92913,1.013e-14
5741.49277,8.9801e-15
5745.05641,7.9177e-15
5748.62005,6.8604e-15
5752.18369,6.3411e-15
5755.74733,6.236e-15
5759.31097,6.1241e-15
5762.87461,6.044e-15
5766.43825,6.3025e-15
5770.00188,7.01e-15
5773.56552,7.732e-15
5777.12916,6.4851e-15
5780.69280,3.4338e-15
5784.25644,1.3313e-15
5787.82008,8.3535e-16
5791.38372,8.2989e-16
5794.94736,8.2476e-16
5798.51100,8.3872e-16
5802.07464,8.5906e-16
5805.63827,8.6251e-16
5809.20191,8.4551e-16
5812.76555,8.4227e-16
5816.32919,8.5571e-16
5819.89283,8.5815e-16
5823.45647,8.3859e-16
5827.02011,8.0114e-16
5830.58375,7.8184e-16
5834.14739,7.7676e-16
5837.71103,8.0457e-16
5841.27466,8.5308e-16
5844.83830,9.6839e-16
5848.40194,1.296e-15
5851.96558,1.7476e-15
5855.52922,1.9451e-15
5859.09286,1.8325e-15
5862.65650,1.7222e-15
5866.22014,1.7304e-15
5869.78378,1.7295e-15
5873.34742,1.7584e-15
5876.91106,1.7929e-15
5880.47469,1.7344e-15
5884.03833,1.6491e-15
5887.60197,1.5609e-15
5891.16561,1.5623e-15
5894.72925,1.6599e-15
5898.29289,1.6425e-15
5901.85653,1.3481e-15
5905.42017,1.0666e-15
5908.98381,9.853e-16
5912.54745,9.7591e-16
5916.11108,9.6742e-16
5919.67472,9.4661e-16
5923.23836,9.298e-16
5926.80200,9.2011e-16
5930.36564,9.1199e-16
5933.92928,9.2073e-16
5937.49292,9.0647e-16
5941.05656,8.9253e-16
5944.62020,9.1081e-16
5948.18383,9.281e-16
5951.74747,9.256e-16
5955.31111,9.2699e-16
5958.87475,9.1979e-16
5962.43839,9.1235e-16
5966.00203,8.7296e-16
5969.56567,8.2032e-16
5973.12931,7.9681e-16
5976.69295,7.8982e-16
5980.25659,7.7403e-16
5983.82022,7.7335e-16
5987.38386,7.8449e-16
5990.94750,7.6198e-16
5994.51114,7.2643e-16
5998.07478,7.3077e-16
6001.63842,7.3062e-16
6005.20206,6.989e-16
6008.76570,6.8145e-16
6012.32934,6.9747e-16
6015.89298,7.086e-16
6019.45661,7.175e-16
6023.02025,7.1068e-16
6026.58389,6.9556e-16
6030.14753,6.9586e-16
6033.71117,7.0432e-16
6037.27481,7.2004e-16
6040.83845,7.6844e-16
6044.40209,8.7712e-16
6047.96573,1.1242e-15
6051.52937,1.6479e-15
6055.09300,2.5269e-15
6058.65664,3.6648e-15
6062.22028,4.8015e-15
6065.78392,5.5302e-15
6069.34756,5.7011e-15
6072.91120,5.6876e-15
6076.47484,5.6793e-15
6080.03848,5.6698e-15
6083.60212,5.7028e-15
6087.16576,5.7322e-15
6090.72940,5.7041e-15
6094.29303,5.6378e-15
6097.85667,5.5751e-15
6101.42031,5.5231e-15
6104.98395,5.3498e-15
6108.54759,4.8646e-15
6112.11123,3.9447e-15
6115.67487,2.7449e-15
6119.23851,1.7172e-15
6122.80215,1.1241e-15
6126.36578,8.907e-16
6129.92942,8.1526e-16
6133.49306,8.0233e-16
6137.05670,8.153e-16
6140.62034,8.179e-16
6144.18398,8.1117e-16
6147.74762,8.0966e-16
6151.31126,7.9751e-16
6154.87490,7.9631e-16
6158.43854,8.056e-16
6162.00217,8.2691e-16
6165.56581,8.7625e-16
6169.12945,9.5851e-16
6172.69309,1.0649e-15
6176.25673,1.1903e-15
6179.82037,1.2966e-15
6183.38401,1.3598e-15
6186.94765,1.3844e-15
6190.51129,1.4034e-15
6194.07493,1.404e-15
6197.63856,1.4011e-15
6201.20220,1.3915e-15
6204.76584,1.3693e-15
6208.32948,1.3491e-15
6211.89312,1.3202e-15
6215.45676,1.2844e-15
6219.02040,1.2095e-15
6222.58404,1.107e-15
6226.14768,9.8125e-16
6229.71132,8.6845e-16
6233.27495,8.0052e-16
6236.83859,7.6047e-16
6240.40223,7.4338e-16
6243.96587,7.4221e-16
6247.52951,7.3038e-16
6251.09315,7.2305e-16
6254.65679,7.2709e-16
6258.22043,7.2805e-16
6261.78407,7.4223e-16
6265.34771,7.9642e-16
6268.91135,9.0117e-16
6272.47498,1.0813e-15
6276.03862,1.2957e-15
6279.60226,1.4279e-15
6283.16590,1.4902e-15
6286.72954,1.5451e-15
6290.29318,1.5771e-15
6293.85682,1.5614e-15
6297.42046,1.5548e-15
6300.98410,1.5632e-15
6304.54774,1.5568e-15
6308.11137,1.5686e-15
6311.67501,1.6011e-15
6315.23865,1.6474e-15
6318.80229,1.6924e-15
6322.36593,1.7234e-15
6325.92957,1.663e-15
6329.49321,1.5127e-15
6333.05685,1.4666e-15
6336.62049,1.5752e-15
6340.18412,1.7605e-15
6343.74776,2.0222e-15
6347.31140,2.3447e-15
6350.87504,2.6527e-15
6354.43868,2.9267e-15
6358.00232,3.1892e-15
6361.56596,3.4192e-15
6365.12960,3.5532e-15
6368.69324,3.5705e-15
6372.25688,3.5225e-15
6375.82051,3.4485e-15
6379.38415,3.3738e-15
6382.94779,3.3277e-15
6386.51143,3.2209e-15
6390.07507,2.9557e-15
6393.63871,2.577e-15
6397.20235,2.1747e-15
6400.76599,1.7592e-15
6404.32963,1.4212e-15
6407.89327,1.2066e-15
6411.45691,1.0714e-15
6415.02054,9.8761e-16
6418.58418,9.5617e-16
6422.14782,9.6932e-16
6425.71146,9.8708e-16
6429.27510,1.0138e-15
6432.83874,1.0523e-15
6436.40238,1.1014e-15
6439.96602,1.1635e-15
6443.52966,1.2459e-15
6447.09329,1.3622e-15
6450.65693,1.5001e-15
6454.22057,1.6399e-15
6457.78421,1.7461e-15
6461.34785,1.7908e-15
6464.91149,1.7939e-15
6468.47513,1.8161e-15
6472.03877,1.8857e-15
6475.60241,1.951e-15
6479.16605,1.9868e-15
6482.72969,1.9939e-15
6486.29332,1.975e-15
6489.85696,1.9269e-15
6493.42060,1.8846e-15
6496.98424,1.8548e-15
6500.54788,1.8294e-15
6504.11152,1.7903e-15
6507.67516,1.7765e-15
6511.23880,1.85e-15
6514.80244,2.0784e-15
6518.36607,2.5813e-15
6521.92971,3.7356e-15
6525.49335,5.8065e-15
6529.05699,9.3684e-15
6532.62063,1.5306e-14
6536.18427,2.2256e-14
6539.74791,2.6219e-14
6543.31155,2.6206e-14
6546.87519,2.5237e-14
6550.43883,2.4861e-14
6554.00246,2.5214e-14
6557.56610,2.6475e-14
6561.12974,2.7539e-14
6564.69338,2.754e-14
6568.25702,2.6934e-14
6571.82066,2.6416e-14
6575.38430,2.6415e-14
6578.94794,2.6932e-14
6582.51158,2.7385e-14
6586.07522,2.5971e-14
6589.63885,2.0188e-14
6593.20249,1.2491e-14
6596.76613,7.2731e-15
6600.32977,4.8352e-15
6603.89341,3.9527e-15
6607.45705,3.5834e-15
6611.02069,2.8501e-15
6614.58433,1.8998e-15
6618.14797,1.3389e-15
6621.71161,1.1291e-15
6625.27524,1.0396e-15
6628.83888,1.0154e-15
6632.40252,1.0135e-15
6635.96616,9.8516e-16
6639.52980,9.5884e-16
6643.09344,9.553e-16
6646.65708,9.9832e-16
6650.22072,1.0853e-15
6653.78436,1.1426e-15
6657.34800,1.1268e-15
6660.91164,1.0935e-15
6664.47527,1.0647e-15
6668.03891,1.0389e-15
6671.60255,1.0247e-15
6675.16619,1.029e-15
6678.72983,1.0317e-15
6682.29347,1.0307e-15
6685.85711,1.0317e-15
6689.42075,1.0473e-15
6692.98439,1.0775e-15
6696.54803,1.0921e-15
6700.11166,1.1058e-15
6703.67530,1.0667e-15
6707.23894,9.7591e-16
6710.80258,9.1053e-16
6714.36622,8.8836e-16
6717.92986,9.0249e-16
6721.49350,9.2708e-16
6725.05714,9.5205e-16
6728.62078,9.7181e-16
6732.18441,9.7751e-16
6735.74805,9.7117e-16
6739.31169,9.688e-16
6742.87533,9.7009e-16
6746.43897,9.7804e-16
6750.00261,9.7788e-16
6753.56625,9.7251e-16
6757.12989,9.5978e-16
6760.69353,9.5014e-16
6764.25717,9.3635e-16
6767.82080,9.1678e-16
6771.38444,8.8717e-16
6774.94808,8.4249e-16
6778.51172,8.0044e-16
6782.07536,7.7157e-16
6785.63900,7.666e-16
6789.20264,7.6998e-16
6792.76628,7.7141e-16
6796.32992,7.7882e-16
6799.89356,7.7445e-16
6803.45719,7.6791e-16
6807.02083,7.7458e-16
6810.58447,7.8793e-16
6814.14811,7.9326e-16
6817.71175,7.8765e-16
6821.27539,7.9035e-16
6824.83903,7.9332e-16
6828.40267,7.8184e-16
6831.96631,7.824e-16
6835.52995,7.8064e-16
6839.09358,7.7117e-16
6842.65722,7.6498e-16
6846.22086,7.7988e-16
6849.78450,7.9307e-16
6853.34814,7.9211e-16
6856.91178,7.8988e-16
6860.47542,7.8511e-16
6864.03906,7.6149e-16
6867.60270,7.3057e-16
6871.16634,7.2094e-16
6874.72998,7.5264e-16
6878.29361,7.8807e-16
6881.85725,8.1138e-16
6885.42089,8.1276e-16
6888.98453,8.0609e-16
6892.54817,8.0541e-16
6896.11181,8.1138e-16
6899.67545,8.1746e-16
6903.23909,8.3623e-16
6906.80273,8.5065e-16
6910.36636,8.5481e-16
6913.93000,8.5648e-16
6917.49364,8.568e-16
6921.05728,8.4873e-16
6924.62092,8.2616e-16
6928.18456,7.9431e-16
6931.74820,7.7914e-16
6935.31184,7.6984e-16
6938.87548,7.5406e-16
6942.43912,7.3634e-16
6946.00275,7.3299e-16
6949.56639,7.3591e-16
6953.13003,7.4678e-16
6956.69367,7.6884e-16
6960.25731,7.9141e-16
6963.82095,8.3241e-16
6967.38459,9.1133e-16
6970.94823,1.0122e-15
6974.51187,1.1258e-15
6978.07551,1.2134e-15
6981.63914,1.2375e-15
6985.20278,1.211e-15
6988.76642,1.1896e-15
6992.33006,1.182e-15
6995.89370,1.1805e-15
6999.45734,1.1969e-15
7003.02098,1.2176e-15
7006.58462,1.2342e-15
7010.14826,1.2428e-15
7013.71190,1.2522e-15
7017.27553,1.2802e-15
7020.83917,1.3384e-15
7024.40281,1.4223e-15
7027.96645,1.5184e-15
7031.53009,1.6241e-15
7035.09373,1.7046e-15
7038.65737,1.7106e-15
7042.22101,1.6483e-15
7045.78465,1.5681e-15
7049.34829,1.5002e-15
7052.91193,1.4654e-15
7056.47556,1.4647e-15
7060.03920,1.4659e-15
7063.60284,1.4636e-15
7067.16648,1.4509e-15
7070.73012,1.426e-15
7074.29376,1.4008e-15
7077.85740,1.3947e-15
7081.42104,1.4052e-15
7084.98468,1.4061e-15
7088.54832,1.3938e-15
7092.11195,1.3267e-15
7095.67559,1.2062e-15
7099.23923,1.1598e-15
7102.80287,1.2477e-15
7106.36651,1.3938e-15
7109.93015,1.4875e-15
7113.49379,1.487e-15
7117.05743,1.4267e-15
7120.62107,1.3789e-15
7124.18470,1.3741e-15
7127.74834,1.3813e-15
7131.31198,1.3972e-15
7134.87562,1.4291e-15
7138.43926,1.485e-15
7142.00290,1.5186e-15
7145.56654,1.542e-15
7149.13018,1.579e-15
7152.69382,1.6233e-15
7156.25746,1.6769e-15
7159.82109,1.6971e-15
7163.38473,1.614e-15
7166.94837,1.4057e-15
7170.51201,1.1903e-15
7174.07565,1.0456e-15
7177.63929,9.8397e-16
7181.20293,9.6162e-16
7184.76657,9.4036e-16
7188.33021,9.275e-16
7191.89385,9.3665e-16
7195.45748,9.589e-16
7199.02112,9.691e-16
7202.58476,9.8238e-16
7206.14840,9.9837e-16
7209.71204,1.0111e-15
7213.27568,1.0057e-15
7216.83932,9.7198e-16
7220.40296,9.4303e-16
7223.96660,9.4184e-16
7227.53024,9.4213e-16
7231.09387,9.515e-16
7234.65751,9.5666e-16
7238.22115,9.6907e-16
7241.78479,9.905e-16
7245.34843,1.0072e-15
7248.91207,1.0261e-15
7252.47571,1.0552e-15
7256.03935,1.0803e-15
7259.60299,1.0921e-15
7263.16663,1.0747e-15
7266.73027,1.0464e-15
7270.29390,1.0334e-15
7273.85754,1.0545e-15
7277.42118,1.2448e-15
7280.98482,1.8328e-15
7284.54846,2.9885e-15
7288.11210,4.6691e-15
7291.67574,6.2399e-15
7295.23938,7.3433e-15
7298.80302,8.1759e-15
7302.36665,8.5637e-15
7305.93029,8.3003e-15
7309.49393,7.8222e-15
7313.05757,7.5211e-15
7316.62121,7.3801e-15
7320.18485,7.364e-15
7323.74849,7.3796e-15
7327.31213,7.3922e-15
7330.87577,7.437e-15
7334.43941,7.6206e-15
7338.00304,8.0268e-15
7341.56668,8.5274e-15
7345.13032,8.4666e-15
7348.69396,7.4865e-15
7352.25760,6.3221e-15
7355.82124,5.0674e-15
7359.38488,3.4626e-15
7362.94852,2.1359e-15
7366.51216,1.3936e-15
7370.07580,1.0081e-15
7373.63944,8.0916e-16
7377.20307,7.7365e-16
7380.76671,8.1367e-16
7384.33035,8.1833e-16
7387.89399,8.0583e-16
7391.45763,8.2032e-16
7395.02127,8.4093e-16
7398.58491,8.4214e-16
7402.14855,8.5878e-16
7405.71219,8.7218e-16
7409.27582,8.7318e-16
7412.83946,8.8257e-16
7416.40310,9.0524e-16
7419.96674,9.1116e-16
7423.53038,9.2598e-16
7427.09402,9.5254e-16
7430.65766,9.4825e-16
7434.22130,9.2639e-16
7437.78494,9.1211e-16
7441.34858,9.055e-16
7444.91221,9.0698e-16
7448.47585,9.0151e-16
7452.03949,8.8397e-16
7455.60313,8.8046e-16
7459.16677,8.6796e-16
7462.73041,8.5319e-16
7466.29405,8.406e-16
7469.85769,8.3792e-16
7473.42133,8.1032e-16
7476.98497,7.9687e-16
7480.54860,8.0135e-16
7484.11224,8.0977e-16
7487.67588,8.1147e-16
7491.23952,8.1322e-16
7494.80316,8.2106e-16
7498.36680,8.2837e-16
7501.93044,8.292e-16
7505.49408,8.2338e-16
7509.05772,8.1236e-16
7512.62136,8.0046e-16
7516.18499,7.9486e-16
7519.74863,7.9832e-16
7523.31227,8.0401e-16
7526.87591,8.0663e-16
7530.43955,8.1206e-16
7534.00319,8.2589e-16
7537.56683,8.478e-16
7541.13047,8.7693e-16
7544.69411,9.158e-16
7548.25775,9.6824e-16
7551.82138,1.034e-15
7555.38502,1.1095e-15
7558.94866,1.1915e-15
7562.51230,1.2764e-15
7566.07594,1.3608e-15
7569.63958,1.4628e-15
7573.20322,1.5943e-15
7576.76686,1.7536e-15
7580.33050,1.9397e-15
7583.89414,2.0918e-15
7587.45777,2.1211e-15
7591.02141,1.9962e-15
7594.58505,1.7543e-15
7598.14869,1.4523e-15
7601.71233,1.2139e-15
7605.27597,1.1572e-15
7608.83961,1.2422e-15
7612.40325,1.4294e-15
7615.96689,1.6222e-15
7619.53053,1.7051e-15
7623.09416,1.6629e-15
7626.65780,1.5499e-15
7630.22144,1.4195e-15
7633.78508,1.3253e-15
7637.34872,1.3059e-15
7640.91236,1.3013e-15
7644.47600,1.2511e-15
7648.03964,1.1678e-15
7651.60328,1.0619e-15
7655.16692,9.6052e-16
7658.73056,8.981e-16
7662.29419,8.935e-16
7665.85783,9.5001e-16
7669.42147,1.0687e-15
7672.98511,1.2479e-15
7676.54875,1.48e-15
7680.11239,1.747e-15
7683.67603,2.0308e-15
7687.23967,2.303e-15
7690.80331,2.535e-15
7694.36694,2.7221e-15
7697.93058,2.8712e-15
7701.49422,2.9894e-15
7705.05786,3.0833e-15
7708.62150,3.1596e-15
7712.18514,3.2209e-15
7715.74878,3.2686e-15
7719.31242,3.2933e-15
7722.87606,3.285e-15
7726.43970,3.2411e-15
7730.00333,3.1592e-15
7733.56697,3.0419e-15
7737.13061,2.8964e-15
7740.69425,2.7198e-15
7744.25789,2.496e-15
7747.82153,2.2224e-15
7751.38517,1.935e-15
7754.94881,1.668e-15
7758.51245,1.4446e-15
7762.07609,1.2874e-15
7765.63972,1.1932e-15
7769.20336,1.1501e-15
7772.76700,1.1397e-15
7776.33064,1.1405e-15
7779.89428,1.135e-15
7783.45792,1.1135e-15
7787.02156,1.0718e-15
7790.58520,1.0304e-15
7794.14884,1.0119e-15
7797.71248,9.9878e-16
7801.27611,9.7428e-16
7804.83975,9.3666e-16
7808.40339,8.8808e-16
7811.96703,8.3714e-16
7815.53067,7.9828e-16
7819.09431,7.797e-16
7822.65795,7.7705e-16
7826.22159,7.8603e-16
7829.78523,8.0303e-16
7833.34887,8.2428e-16
7836.91250,8.4763e-16
7840.47614,8.704e-16
7844.03978,9.022e-16
7847.60342,9.5737e-16
7851.16706,1.0374e-15
7854.73070,1.1312e-15
7858.29434,1.2279e-15
7861.85798,1.3168e-15
7865.42162,1.3881e-15
7868.98526,1.4415e-15
7872.54889,1.4781e-15
7876.11253,1.5011e-15
7879.67617,1.5151e-15
7883.23981,1.5236e-15
7886.80345,1.5295e-15
7890.36709,1.533e-15
7893.93073,1.5309e-15
7897.49437,1.5213e-15
7901.05801,1.5072e-15
7904.62165,1.491e-15
7908.18528,1.4709e-15
7911.74892,1.4458e-15
7915.31256,1.4093e-15
7918.87620,1.3545e-15
7922.43984,1.2819e-15
7926.00348,1.1967e-15
7929.56712,1.1088e-15
7933.13076,1.0357e-15
7936.69440,9.9057e-16
7940.25804,9.7168e-16
7943.82168,9.7623e-16
7947.38531,9.9495e-16
7950.94895,1.0179e-15
7954.51259,1.0375e-15
7958.07623,1.0464e-15
7961.63987,1.0508e-15
7965.20351,1.0674e-15
7968.76715,1.1028e-15
7972.33079,1.1456e-15
7975.89443,1.1854e-15
7979.45806,1.2129e-15
7983.02170,1.2183e-15
7986.58534,1.2068e-15
7990.14898,1.1858e-15
7993.71262,1.1598e-15
7997.27626,1.132e-15
8000.83990,1.1064e-15
8004.40354,1.0862e-15
8007.96718,1.0738e-15
8011.53082,1.07e-15
8015.09445,1.0745e-15
8018.65809,1.0817e-15
8022.22173,1.087e-15
8025.78537,1.0841e-15
8029.34901,1.066e-15
8032.91265,1.0402e-15
8036.47629,1.0222e-15
8040.03993,1.0142e-15
8043.60357,1.0032e-15
8047.16721,9.8143e-16
8050.73085,9.542e-16
8054.29448,9.2628e-16
8057.85812,8.9927e-16
8061.42176,8.745e-16
8064.98540,8.5737e-16
8068.54904,8.5486e-16
8072.11268,8.5866e-16
8075.67632,8.5049e-16
8079.23996,8.2675e-16
8082.80360,8.0479e-16
8086.36723,7.9729e-16
8089.93087,8.0186e-16
8093.49451,8.1757e-16
8097.05815,8.3522e-16
8100.62179,8.4402e-16
8104.18543,8.4741e-16
8107.74907,8.5339e-16
8111.31271,8.6105e-16
8114.87635,8.6294e-16
8118.43999,8.5607e-16
8122.00362,8.4387e-16
8125.56726,8.2966e-16
8129.13090,8.2019e-16
8132.69454,8.2276e-16
8136.25818,8.3074e-16
8139.82182,8.3599e-16
8143.38546,8.3965e-16
8146.94910,8.4665e-16
8150.51274,8.5602e-16
8154.07638,8.6111e-16
8157.64001,8.6061e-16
8161.20365,8.6506e-16
8164.76729,8.8288e-16
8168.33093,9.0284e-16
8171.89457,9.1553e-16
8175.45821,9.2066e-16
8179.02185,9.1809e-16
8182.58549,9.2193e-16
8186.14913,9.5296e-16
8189.71277,1.0183e-15
8193.27641,1.1089e-15
8196.84004,1.2145e-15
8200.40368,1.3253e-15
8203.96732,1.4304e-15
8207.53096,1.5094e-15
8211.09460,1.5448e-15
8214.65824,1.5387e-15
8218.22188,1.4982e-15
8221.78552,1.4449e-15
8225.34916,1.4092e-15
8228.91280,1.4067e-15
8232.47643,1.4303e-15
8236.04007,1.4728e-15
8239.60371,1.5314e-15
8243.16735,1.6007e-15
8246.73099,1.6708e-15
8250.29463,1.7311e-15
8253.85827,1.781e-15
8257.42191,1.8226e-15
8260.98555,1.8516e-15
8264.54918,1.8604e-15
8268.11282,1.8411e-15
8271.67646,1.7825e-15
8275.24010,1.681e-15
8278.80374,1.5715e-15
8282.36738,1.4881e-15
8285.93102,1.4357e-15
8289.49466,1.4175e-15
8293.05830,1.4245e-15
8296.62194,1.4423e-15
8300.18557,1.4583e-15
8303.74921,1.4635e-15
8307.31285,1.4518e-15
8310.87649,1.4244e-15
8314.44013,1.3845e-15
8318.00377,1.3351e-15
8321.56741,1.2804e-15
8325.13105,1.2299e-15
8328.69469,1.1928e-15
8332.25833,1.1744e-15
8335.82196,1.1782e-15
8339.38560,1.1961e-15
8342.94924,1.207e-15
8346.51288,1.1974e-15
8350.07652,1.175e-15
8353.64016,1.1467e-15
8357.20380,1.1151e-15
8360.76744,1.0847e-15
8364.33108,1.0515e-15
8367.89472,1.0093e-15
8371.45835,9.6251e-16
8375.02199,9.2189e-16
8378.58563,8.911e-16
8382.14927,8.6422e-16
8385.71291,8.3771e-16
8389.27655,8.1557e-16
8392.84019,8.0098e-16
8396.40383,7.9556e-16
8399.96747,8.0052e-16
8403.53111,8.1641e-16
8407.09474,8.4325e-16
8410.65838,8.7586e-16
8414.22202,9.057e-16
8417.78566,9.259e-16
8421.34930,9.3211e-16
8424.91294,9.2244e-16
8428.47658,9.0576e-16
8432.04022,8.9078e-16
8435.60386,8.8171e-16
8439.16750,8.8373e-16
8442.73113,8.8787e-16
8446.29477,8.7999e-16
8449.85841,8.6001e-16
8453.42205,8.3931e-16
8456.98569,8.2911e-16
8460.54933,8.4344e-16
8464.11297,8.9161e-16
8467.67661,9.4014e-16
8471.24025,9.5661e-16
8474.80389,9.3844e-16
8478.36752,8.8619e-16
8481.93116,8.1434e-16
8485.49480,7.4495e-16
8489.05844,6.919e-16
8492.62208,6.5921e-16
8496.18572,6.4781e-16
8499.74936,6.5116e-16
8503.31300,6.6144e-16
8506.87664,6.7372e-16
8510.44028,6.8224e-16
8514.00391,6.8857e-16
8517.56755,6.9596e-16
8521.13119,7.0426e-16
8524.69483,7.1174e-16
8528.25847,7.1625e-16
8531.82211,7.1464e-16
8535.38575,7.0555e-16
8538.94939,6.9355e-16
8542.51303,6.8354e-16
8546.07667,6.7609e-16
8549.64031,6.7146e-16
8553.20394,6.7336e-16
8556.76758,6.8586e-16
8560.33122,7.0645e-16
8563.89486,7.2834e-16
8567.45850,7.4509e-16
8571.02214,7.5056e-16
8574.58578,7.4106e-16
8578.14942,7.2505e-16
8581.71306,7.1182e-16
8585.27670,7.0031e-16
8588.84033,6.889e-16
8592.40397,6.8171e-16
8595.96761,6.8442e-16
8599.53125,6.9493e-16
8603.09489,7.0488e-16
8606.65853,7.0824e-16
8610.22217,7.028e-16
8613.78581,6.8733e-16
8617.34945,6.7418e-16
8620.91309,6.7616e-16
8624.47672,6.8575e-16
8628.04036,6.9379e-16
8631.60400,6.9654e-16
8635.16764,6.9245e-16
8638.73128,6.8311e-16
8642.29492,6.7373e-16
8645.85856,6.6889e-16
8649.42220,6.7138e-16
8652.98584,6.8357e-16
8656.54947,6.9887e-16
8660.11311,7.1007e-16
8663.67675,7.1862e-16
8667.24039,7.2793e-16
8670.80403,7.3568e-16
8674.36767,7.3612e-16
8677.93131,7.3118e-16
8681.49495,7.3236e-16
8685.05859,7.4627e-16
8688.62223,7.6491e-16
8692.18586,7.8188e-16
8695.74950,7.8776e-16
8699.31314,7.7195e-16
8702.87678,7.4804e-16
8706.44042,7.3583e-16
8710.00406,7.3892e-16
8713.56770,7.5002e-16
8717.13134,7.6227e-16
8720.69498,7.6842e-16
8724.25862,7.6292e-16
8727.82225,7.5355e-16
8731.38589,7.4886e-16
8734.94953,7.44e-16
8738.51317,7.3432e-16
8742.07681,7.2347e-16
8745.64045,7.1699e-16
8749.20409,7.1886e-16
8752.76773,7.322e-16
8756.33137,7.5463e-16
8759.89501,7.7309e-16
8763.45864,7.7659e-16
8767.02228,7.6636e-16
8770.58592,7.4327e-16
8774.14956,7.1534e-16
8777.71320,6.9222e-16
8781.27684,6.7439e-16
8784.84048,6.584e-16
8788.40412,6.4225e-16
8791.96776,6.255e-16
8795.53140,6.0832e-16
8799.09503,5.9296e-16
8802.65867,5.8157e-16
8806.22231,5.817e-16
8809.78595,6.0102e-16
8813.34959,6.3246e-16
8816.91323,6.6512e-16
8820.47687,6.9891e-16
8824.04051,7.4041e-16
8827.60415,7.8367e-16
8831.16779,8.0726e-16
8834.73142,7.998e-16
8838.29506,7.8009e-16
8841.85870,7.6627e-16
8845.42234,7.5706e-16
8848.98598,7.5256e-16
8852.54962,7.5181e-16
8856.11326,7.53e-16
8859.67690,7.5428e-16
8863.24054,7.542e-16
8866.80418,7.5354e-16
8870.36781,7.5603e-16
8873.93145,7.661e-16
8877.49509,7.934e-16
8881.05873,8.4638e-16
8884.62237,9.1738e-16
8888.18601,9.9755e-16
8891.74965,1.0743e-15
8895.31329,1.1353e-15
8898.87693,1.1701e-15
8902.44057,1.1701e-15
8906.00420,1.1415e-15
8909.56784,1.1193e-15
8913.13148,1.1312e-15
8916.69512,1.1607e-15
8920.25876,1.1928e-15
8923.82240,1.2113e-15
8927.38604,1.1979e-15
8930.94968,1.1594e-15
8934.51332,1.1135e-15
8938.07696,1.0723e-15
8941.64060,1.0414e-15
8945.20423,1.0229e-15
8948.76787,1.0107e-15
8952.33151,9.9862e-16
8955.89515,9.6621e-16
8959.45879,8.928e-16
8963.02243,8.0197e-16
8966.58607,7.2371e-16
8970.14971,6.7089e-16
8973.71335,6.4821e-16
8977.27699,6.4879e-16
8980.84062,6.502e-16
8984.40426,6.3739e-16
8987.96790,6.223e-16
8991.53154,6.1533e-16
8995.09518,6.1729e-16
8998.65882,6.315e-16
9002.22246,6.4898e-16
9005.78610,6.5751e-16
9009.34974,6.6059e-16
9012.91338,6.72e-16
9016.47701,7.0002e-16
9020.04065,7.445e-16
9023.60429,8.0485e-16
9027.16793,8.838e-16
9030.73157,9.8297e-16
9034.29521,1.0744e-15
9037.85885,1.1308e-15
9041.42249,1.1424e-15
9044.98613,1.1066e-15
9048.54976,1.0331e-15
9052.11340,9.4077e-16
9055.67704,8.5182e-16
9059.24068,7.9312e-16
9062.80432,7.8387e-16
9066.36796,7.9408e-16
9069.93160,7.9238e-16
9073.49524,7.8274e-16
9077.05888,7.6999e-16
9080.62252,7.5831e-16
9084.18615,7.5217e-16
9087.74979,7.5463e-16
9091.31343,7.6651e-16
9094.87707,7.8463e-16
9098.44071,7.9787e-16
9102.00435,7.968e-16
9105.56799,7.6777e-16
9109.13163,6.9686e-16
9112.69527,6.122e-16
9116.25891,5.4877e-16
9119.82254,5.1341e-16
9123.38618,4.9882e-16
9126.94982,4.9712e-16
9130.51346,4.984e-16
9134.07710,4.9542e-16
9137.64074,4.9525e-16
9141.20438,5.0492e-16
9144.76802,5.1438e-16
9148.33166,5.1414e-16
9151.89530,5.0943e-16
9155.45893,5.0922e-16
9159.02257,5.1185e-16
9162.58621,5.0937e-16
9166.14985,5.0159e-16
9169.71349,4.9801e-16
9173.27713,5.0759e-16
9176.84077,5.4315e-16
9180.40441,6.1707e-16
9183.96805,7.1062e-16
9187.53169,8.0294e-16
9191.09532,8.8625e-16
9194.65896,9.5803e-16
9198.22260,1.0076e-15
9201.78624,1.0176e-15
9205.34988,9.9077e-16
9208.91352,9.6466e-16
9212.47716,9.6904e-16
9216.04080,9.8656e-16
9219.60444,9.9989e-16
9223.16808,1.0142e-15
9226.73171,1.035e-15
9230.29535,1.0526e-15
9233.85899,1.0518e-15
9237.42263,1.0342e-15
9240.98627,1.0176e-15
9244.54991,1.0113e-15
9248.11355,1.0058e-15
9251.67719,9.9275e-16
9255.24083,9.7867e-16
9258.80447,9.6949e-16
9262.36810,9.5282e-16
9265.93174,9.1506e-16
9269.49538,8.5572e-16
9273.05902,7.8083e-16
9276.62266,7.003e-16
9280.18630,6.285e-16
9283.74994,5.7626e-16
9287.31358,5.4376e-16
9290.87722,5.2992e-16
9294.44086,5.2997e-16
9298.00449,5.3768e-16
9301.56813,5.4701e-16
9305.13177,5.5229e-16
9308.69541,5.4953e-16
9312.25905,5.3597e-16
9315.82269,5.1373e-16
9319.38633,4.9165e-16
9322.94997,4.7634e-16
9326.51361,4.6419e-16
9330.07725,4.5198e-16
9333.64089,4.4063e-16
9337.20452,4.3055e-16
9340.76816,4.2366e-16
9344.33180,4.2127e-16
9347.89544,4.2685e-16
9351.45908,4.4645e-16
9355.02272,4.7553e-16
9358.58636,4.9015e-16
9362.15000,4.7328e-16
9365.71364,4.4866e-16
9369.27728,4.4179e-16
9372.84091,4.3747e-16
9376.40455,4.1663e-16
9379.96819,4e-16
9383.53183,4.2365e-16
9387.09547,4.8014e-16
9390.65911,5.2246e-16
9394.22275,5.2493e-16
9397.78639,5.0523e-16
9401.35003,4.7817e-16
9404.91367,4.5709e-16
9408.47730,4.5815e-16
9412.04094,4.7009e-16
9415.60458,4.7828e-16
9419.16822,4.76e-16
9422.73186,4.5917e-16
9426.29550,4.3385e-16
9429.85914,4.1885e-16
9433.42278,4.2403e-16
9436.98642,4.3185e-16
9440.55005,4.2608e-16
9444.11369,4.1718e-16
9447.67733,4.1459e-16
9451.24097,4.1369e-16
9454.80461,4.0777e-16
9458.36825,3.9801e-16
9461.93189,3.9109e-16
9465.49553,3.8896e-16
9469.05917,3.8605e-16
9472.62281,3.8333e-16
9476.18644,4.0804e-16
9479.75008,4.8448e-16
9483.31372,5.9754e-16
9486.87736,7.3536e-16
9490.44100,8.6468e-16
9494.00464,9.4043e-16
9497.56828,9.8334e-16
9501.13192,1.0665e-15
9504.69556,1.2018e-15
9508.25920,1.2964e-15
9511.82283,1.2849e-15
9515.38647,1.2166e-15
9518.95011,1.1312e-15
9522.51375,1.0792e-15
9526.07739,1.1192e-15
9529.64103,1.2067e-15
9533.20467,1.2584e-15
9536.76831,1.2497e-15
9540.33195,1.2084e-15
9543.89559,1.1606e-15
9547.45922,1.1372e-15
9551.02286,1.1648e-15
9554.58650,1.2247e-15
9558.15014,1.2989e-15
9561.71378,1.3505e-15
9565.27742,1.3388e-15
9568.84106,1.2671e-15
9572.40470,1.161e-15
9575.96834,1.0376e-15
9579.53198,9.0416e-16
9583.09561,7.6973e-16
9586.65925,6.3832e-16
9590.22289,5.1169e-16
9593.78653,4.1908e-16
9597.35017,3.8839e-16
9600.91381,3.9556e-16
9604.47745,4.0623e-16
9608.04109,4.0905e-16
9611.60473,4.0614e-16
9615.16837,3.9954e-16
9618.73200,3.919e-16
9622.29564,3.8833e-16
9625.85928,4.0236e-16
9629.42292,4.504e-16
9632.98656,4.9201e-16
9636.55020,4.8532e-16
9640.11384,4.5506e-16
9643.67748,4.4445e-16
9647.24112,4.5612e-16
9650.80476,4.6391e-16
9654.36839,4.5869e-16
9657.93203,4.5641e-16
9661.49567,4.674e-16
9665.05931,4.8646e-16
9668.62295,5.0996e-16
9672.18659,5.3131e-16
9675.75023,5.4314e-16
9679.31387,5.4755e-16
9682.87751,5.5052e-16
9686.44115,5.546e-16
9690.00478,5.5833e-16
9693.56842,5.64e-16
9697.13206,5.8311e-16
9700.69570,6.2372e-16
9704.25934,6.5272e-16
9707.82298,6.3442e-16
9711.38662,6.0552e-16
9714.95026,6.1165e-16
9718.51390,6.3842e-16
9722.07754,6.4534e-16
9725.64118,6.2247e-16
9729.20481,5.8953e-16
9732.76845,5.6291e-16
9736.33209,5.597e-16
9739.89573,5.9708e-16
9743.45937,6.2836e-16
9747.02301,6.0508e-16
9750.58665,5.5563e-16
9754.15029,5.2142e-16
9757.71393,5.0694e-16
9761.27757,4.9775e-16
9764.84120,4.8512e-16
9768.40484,4.6351e-16
9771.96848,4.3252e-16
9775.53212,4.2249e-16
9779.09576,4.6612e-16
9782.65940,5.0924e-16
9786.22304,4.9878e-16
9789.78668,4.5613e-16
9793.35032,4.1965e-16
9796.91395,4.0817e-16
9800.47759,4.2839e-16
9804.04123,4.7569e-16
9807.60487,5.2508e-16
9811.16851,5.5507e-16
9814.73215,5.5857e-16
9818.29579,5.2441e-16
9821.85943,4.9425e-16
9825.42307,5.1576e-16
9828.98671,5.6231e-16
9832.55034,5.8249e-16
9836.11398,5.6861e-16
9839.67762,5.4776e-16
9843.24126,5.433e-16
9846.80490,5.7893e-16
9850.36854,6.7466e-16
9853.93218,7.7221e-16
9857.49582,8.0768e-16
9861.05946,8.5822e-16
9864.62310,1.0135e-15
9868.18673,1.257e-15
9871.75037,1.5253e-15
9875.31401,1.7882e-15
9878.87765,2.0488e-15
9882.44129,2.2999e-15
9886.00493,2.516e-15
9889.56857,2.679e-15
9893.13221,2.7926e-15
9896.69585,2.8599e-15
9900.25949,2.9049e-15
9903.82312,2.9575e-15
9907.38676,3.0096e-15
9910.95040,3.0322e-15
9914.51404,3.0121e-15
9918.07768,2.9537e-15
9921.64132,2.866e-15
9925.20496,2.7838e-15
9928.76860,2.7439e-15
9932.33224,2.7005e-15
9935.89588,2.6067e-15
9939.45951,2.4765e-15
9943.02315,2.341e-15
9946.58679,2.1906e-15
9950.15043,1.9893e-15
9953.71407,1.7388e-15
9957.27771,1.4947e-15
9960.84135,1.3003e-15
9964.40499,1.1581e-15
9967.96863,1.0751e-15
9971.53227,1.0103e-15
9975.09590,9.1608e-16
9978.65954,8.1967e-16
9982.22318,7.7273e-16
9985.78682,7.8935e-16
9989.35046,8.5171e-16
9992.91410,9.4885e-16
9996.47774,1.0819e-15
10000.04138,1.2446e-15
10003.60502,1.3962e-15
10007.16866,1.4966e-15
10010.73229,1.5534e-15
10014.29593,1.5792e-15
10017.85957,1.5798e-15
10021.42321,1.5619e-15
10024.98685,1.5238e-15
10028.55049,1.4526e-15
10032.11413,1.3516e-15
10035.67777,1.2668e-15
10039.24141,1.2394e-15
10042.80505,1.2356e-15
10046.36868,1.2208e-15
10049.93232,1.2246e-15
10053.49596,1.2833e-15
10057.05960,1.3988e-15
10060.62324,1.5559e-15
10064.18688,1.7385e-15
10067.75052,1.9259e-15
10071.31416,2.1052e-15
10074.87780,2.2999e-15
10078.44144,2.5337e-15
10082.00507,2.7407e-15
10085.56871,2.8577e-15
10089.13235,2.8901e-15
10092.69599,2.8645e-15
10096.25963,2.7873e-15
10099.82327,2.6492e-15
10103.38691,2.4881e-15
10106.95055,2.4113e-15
10110.51419,2.4855e-15
10114.07783,2.6205e-15
10117.64147,2.735e-15
10121.20510,2.7722e-15
10124.76874,2.6622e-15
10128.33238,2.5006e-15
10131.89602,2.4435e-15
10135.45966,2.4922e-15
10139.02330,2.5211e-15
10142.58694,2.4688e-15
10146.15058,2.3862e-15
10149.71422,2.3079e-15
10153.27786,2.2409e-15
10156.84149,2.1969e-15
10160.40513,2.133e-15
10163.96877,2.0116e-15
10167.53241,1.7778e-15
10171.09605,1.3688e-15
10174.65969,8.4698e-16
10178.22333,3.9787e-16
10181.78697,1.4497e-16
10185.35061,7.3178e-17
10188.91424,1.5998e-16
10192.47788,3.3863e-16
10196.04152,5.3622e-16
10199.60516,6.7073e-16
10203.16880,6.5907e-16
10206.73244,5.4245e-16
10210.29608,4.2906e-16
10213.85972,3.8441e-16
10217.42336,4.18e-16
10220.98700,5.2962e-16
10224.55063,6.9463e-16
10228.11427,8.9344e-16
10231.67791,9.7259e-16
10235.24155,7.7689e-16
10238.80519,4.5933e-16
10242.36883,2.3594e-16
10245.93247,1.9372e-16
10249.49611,3.4492e-16
10253.05975,6.1776e-16
10256.62339,8.0171e-16
10260.18702,7.5036e-16
10263.75066,6.2438e-16
10267.31430,5.826e-16
10270.87794,5.8405e-16
10274.44158,5.9616e-16
10278.00522,6.2048e-16
10281.56886,6.6785e-16
10285.13250,7.0792e-16
10288.69614,6.7642e-16
10292.25978,5.6788e-16
10295.82341,4.8832e-16
10299.38705,5.1762e-16
10302.95069,5.484e-16
10306.51433,4.6998e-16
10310.07797,3.8966e-16
10313.64161,4.2372e-16
10317.20525,5.361e-16
10320.76889,6.3943e-16
10324.33253,6.6847e-16
10327.89617,5.7065e-16
10331.45980,3.5392e-16
10335.02344,1.783e-16
10338.58708,1.8679e-16
10342.15072,2.7655e-16
10345.71436,3.3143e-16
10349.27800,4.3241e-16
10352.84164,6.9701e-16
10356.40528,9.636e-16
10359.96892,9.289e-16
10363.53256,5.7917e-16
10367.09619,2.3582e-16
10370.65983,1.149e-16
10374.22347,1.444e-16
10377.78711,2.5793e-16
10381.35075,4.5555e-16
10384.91439,7.3229e-16
10388.47803,9.1574e-16
10392.04167,8.1208e-16
10395.60531,4.6461e-16
10399.16895,3.6807e-17
10402.73258,-2.3638e-16
10406.29622,2.0508e-17
10409.85986,9.6411e-16
10413.42350,1.7708e-15
10416.98714,1.6047e-15
10420.55078,1.0382e-15
10424.11442,6.1459e-16
10427.67806,4.7477e-16
10431.24170,6.8264e-16
10434.80534,1.0764e-15
10438.36897,1.298e-15
10441.93261,1.18e-15
10445.49625,9.1517e-16
10449.05989,6.701e-16
10452.62353,5.6155e-16
10456.18717,7.1266e-16
10459.75081,1.0319e-15
10463.31445,1.4251e-15