3500.00000,0.0
3502.36998,0.0
3504.73996,0.0
3507.10994,0.0
3509.47992,0.0
3511.84990,0.0
3514.21988,0.0
3516.58986,0.0
3518.95984,5.4281e-15
3521.32982,5.6258e-15
3523.69980,1.1464e-14
3526.06978,1.1458e-14
3528.43976,7.9567e-15
3530.80974,8.3613e-15
3533.17972,1.0594e-14
3535.54970,7.4212e-15
3537.91968,8.0058e-15
3540.28966,1.2626e-14
3542.65964,1.3096e-14
3545.02962,1.1362e-14
3547.39960,1.3791e-14
3549.76958,1.3056e-14
3552.13956,1.1716e-14
3554.50954,1.4238e-14
3556.87952,1.2084e-14
3559.24950,1.9258e-14
3561.61948,1.465e-14
3563.98946,1.2561e-14
3566.35944,1.24e-14
3568.72942,1.6629e-14
3571.09940,1.4679e-14
3573.46938,1.5966e-14
3575.83936,1.2123e-14
3578.20934,1.156e-14
3580.57932,1.3574e-14
3582.94930,1.6833e-14
3585.31928,1.4511e-14
3587.68926,1.7272e-14
3590.05924,1.575e-14
3592.42922,1.5118e-14
3594.79920,1.7061e-14
3597.16918,1.8968e-14
3599.53916,2.0321e-14
3601.90914,2.1762e-14
3604.27912,2.2931e-14
3606.64910,1.546e-14
3609.01908,1.6246e-14
3611.38906,2.1456e-14
3613.75904,2.4288e-14
3616.12902,2.1982e-14
3618.49900,2.0784e-14
3620.86898,2.3663e-14
3623.23896,2.8053e-14
3625.60894,2.5072e-14
3627.97892,2.3092e-14
3630.34890,2.3763e-14
3632.71888,2.2081e-14
3635.08886,2.2261e-14
3637.45884,2.4655e-14
3639.82882,2.7804e-14
3642.19880,1.8351e-14
3644.56878,2.0618e-14
3646.93876,2.5123e-14
3649.30874,2.9878e-14
3651.67872,2.5255e-14
3654.04870,2.6873e-14
3656.41868,2.4595e-14
3658.78866,2.4358e-14
3661.15864,2.1686e-14
3663.52862,2.1172e-14
3665.89860,2.6049e-14
3668.26858,2.3994e-14
3670.63856,2.4733e-14
3673.00854,2.9714e-14
3675.37852,2.5724e-14
3677.74850,2.2795e-14
3680.11848,2.2577e-14
3682.48846,2.2013e-14
3684.85844,2.1087e-14
3687.22842,2.7042e-14
3689.59840,2.5586e-14
3691.96838,1.7258e-14
3694.33836,1.9645e-14
3696.70834,2.0877e-14
3699.07832,2.0181e-14
3701.44830,2.3107e-14
3703.81828,2.1371e-14
3706.18826,1.761e-14
3708.55824,2.1059e-14
3710.92822,2.2945e-14
3713.29820,2.1335e-14
3715.66818,2.1204e-14
3718.03816,2.2742e-14
3720.40814,2.4067e-14
3722.77812,1.9041e-14
3725.14810,1.8931e-14
3727.51808,1.7947e-14
3729.88806,1.5804e-14
3732.25804,1.9158e-14
3734.62802,2.3262e-14
3736.99800,2.074e-14
3739.36798,2.0281e-14
3741.73796,2.2246e-14
3744.10794,2.0289e-14
3746.47792,1.8783e-14
3748.84790,2.3832e-14
3751.21788,2.2448e-14
3753.58786,2.4007e-14
3755.95784,2.448e-14
3758.32782,2.2362e-14
3760.69780,2.0886e-14
3763.06778,1.7954e-14
3765.43776,1.6294e-14
3767.80774,2.1735e-14
3770.17772,2.3755e-14
3772.54770,2.4023e-14
3774.91768,2.1116e-14
3777.28766,1.792e-14
3779.65764,1.3545e-14
3782.02762,1.0953e-14
3784.39760,1.328e-14
3786.76758,1.2613e-14
3789.13756,1.3016e-14
3791.50754,1.7342e-14
3793.87752,1.9072e-14
3796.24750,2.2645e-14
3798.61748,2.3599e-14
3800.98746,1.9772e-14
3803.35744,1.9581e-14
3805.72742,1.7047e-14
3808.09740,1.6274e-14
3810.46738,1.57e-14
3812.83736,1.3105e-14
3815.20734,1.4826e-14
3817.57732,1.2138e-14
3819.94730,1.4625e-14
3822.31728,1.7291e-14
3824.68726,1.7608e-14
3827.05724,1.9802e-14
3829.42722,2.3932e-14
3831.79720,2.8599e-14
3834.16718,2.9107e-14
3836.53716,2.8725e-14
3838.90714,3.053e-14
3841.27712,2.7097e-14
3843.64710,2.1874e-14
3846.01708,2.0723e-14
3848.38706,2.3035e-14
3850.75704,2.4109e-14
3853.12702,2.3931e-14
3855.49700,2.6795e-14
3857.86698,2.8971e-14
3860.23696,3.0077e-14
3862.60694,3.0689e-14
3864.97692,3.2263e-14
3867.34690,3.0137e-14
3869.71688,2.4391e-14
3872.08686,2.0983e-14
3874.45684,1.8811e-14
3876.82682,1.7707e-14
3879.19680,1.8491e-14
3881.56678,2.3408e-14
3883.93676,3.5408e-14
3886.30674,5.0485e-14
3888.67672,6.2743e-14
3891.04670,5.6661e-14
3893.41668,4.9232e-14
3895.78666,4.745e-14
3898.15664,3.4729e-14
3900.52662,2.6171e-14
3902.89660,2.2987e-14
3905.26658,2.1919e-14
3907.63656,1.9248e-14
3910.00654,1.7124e-14
3912.37652,1.8035e-14
3914.74650,1.6486e-14
3917.11648,1.478e-14
3919.48646,1.5217e-14
3921.85644,1.4621e-14
3924.22642,1.6115e-14
3926.59640,1.7522e-14
3928.96638,2.1678e-14
3931.33636,2.5275e-14
3933.70634,2.5327e-14
3936.07632,2.838e-14
3938.44630,2.8831e-14
3940.81628,2.5995e-14
3943.18626,2.14e-14
3945.55624,1.8048e-14
3947.92622,1.5475e-14
3950.29620,1.3985e-14
3952.66618,1.3761e-14
3955.03616,1.4054e-14
3957.40614,1.7983e-14
3959.77612,2.0447e-14
3962.14610,2.5268e-14
3964.51608,3.4731e-14
3966.88606,4.2098e-14
3969.25604,4.6175e-14
3971.62602,5.1339e-14
3973.99600,4.9488e-14
3976.36598,3.8058e-14
3978.73596,3.2644e-14
3981.10594,2.7021e-14
3983.47592,1.9813e-14
3985.84590,1.7937e-14
3988.21588,1.9127e-14
3990.58586,1.7568e-14
3992.95584,1.6441e-14
3995.32582,1.5481e-14
3997.69580,1.3454e-14
4000.06578,1.6011e-14
4002.43576,1.5829e-14
4004.80574,1.6434e-14
4007.17572,1.7882e-14
4009.54570,1.4553e-14
4011.91568,1.4059e-14
4014.28566,1.3097e-14
4016.65564,1.1987e-14
4019.02562,1.4709e-14
4021.39560,1.4402e-14
4023.76558,1.9098e-14
4026.13556,2.0285e-14
4028.50554,2.1136e-14
4030.87552,1.9214e-14
4033.24550,1.5247e-14
4035.61548,1.4017e-14
4037.98546,1.5795e-14
4040.35544,1.4234e-14
4042.72542,1.5203e-14
4045.09540,1.5737e-14
4047.46538,1.3077e-14
4049.83536,1.2389e-14
4052.20534,1.2771e-14
4054.57532,1.3916e-14
4056.94530,1.5084e-14
4059.31528,1.5487e-14
4061.68526,1.681e-14
4064.05524,1.7994e-14
4066.42522,2.0009e-14
4068.79520,1.9993e-14
4071.16518,2.0027e-14
4073.53516,2.1757e-14
4075.90514,2.1509e-14
4078.27512,2.2576e-14
4080.64510,1.9935e-14
4083.01508,2.106e-14
4085.38506,2.4262e-14
4087.75504,2.7279e-14
4090.12502,2.7808e-14
4092.49500,3.3062e-14
4094.86498,4.6246e-14
4097.23496,6.6248e-14
4099.60494,8.1624e-14
4101.97492,9.5504e-14
4104.34490,9.4553e-14
4106.71488,8.0844e-14
4109.08486,6.6922e-14
4111.45484,5.0186e-14
4113.82482,3.6642e-14
4116.19480,3.457e-14
4118.56478,3.2369e-14
4120.93476,2.8167e-14
4123.30474,2.752e-14
4125.67472,2.5677e-14
4128.04470,2.2573e-14
4130.41468,1.8974e-14
4132.78466,1.7093e-14
4135.15464,1.4234e-14
4137.52462,1.5042e-14
4139.89460,1.8957e-14
4142.26458,2.0201e-14
4144.63456,2.1198e-14
4147.00454,2.0916e-14
4149.37452,1.8657e-14
4151.74450,1.5612e-14
4154.11448,1.2219e-14
4156.48446,1.2398e-14
4158.85444,1.4217e-14
4161.22442,1.309e-14
4163.59440,1.3733e-14
4165.96438,1.3762e-14
4168.33436,1.5813e-14
4170.70434,1.9627e-14
4173.07432,2.0597e-14
4175.44430,2.386e-14
4177.81428,2.1607e-14
4180.18426,1.9414e-14
4182.55424,1.9351e-14
4184.92422,1.6695e-14
4187.29420,1.3572e-14
4189.66418,1.4058e-14
4192.03416,1.5267e-14
4194.40414,1.5623e-14
4196.77412,1.6413e-14
4199.14410,1.8916e-14
4201.51408,1.8751e-14
4203.88406,1.6434e-14
4206.25404,1.6672e-14
4208.62402,1.5163e-14
4210.99400,1.3361e-14
4213.36398,1.2512e-14
4215.73396,1.2554e-14
4218.10394,1.3539e-14
4220.47392,1.3807e-14
4222.84390,1.2799e-14
4225.21388,1.4678e-14
4227.58386,1.7355e-14
4229.95384,2.323e-14
4232.32382,2.9996e-14
4234.69380,2.8225e-14
4237.06378,2.3794e-14
4239.43376,2.0741e-14
4241.80374,1.8434e-14
4244.17372,1.8482e-14
4246.54370,1.806e-14
4248.91368,1.6639e-14
4251.28366,1.5502e-14
4253.65364,1.5818e-14
4256.02362,1.8354e-14
4258.39360,1.6749e-14
4260.76358,1.4899e-14
4263.13356,1.5505e-14
4265.50354,1.7122e-14
4267.87352,1.6577e-14
4270.24350,1.6938e-14
4272.61348,1.6997e-14
4274.98346,1.7566e-14
4277.35344,1.7932e-14
4279.72342,1.6409e-14
4282.09340,1.6061e-14
4284.46338,1.7712e-14
4286.83336,1.9188e-14
4289.20334,1.9823e-14
4291.57332,2.0694e-14
4293.94330,2.4194e-14
4296.31328,2.5702e-14
4298.68326,2.8576e-14
4301.05324,2.8952e-14
4303.42322,2.733e-14
4305.79320,2.7929e-14
4308.16318,2.8599e-14
4310.53316,3.0826e-14
4312.90314,3.062e-14
4315.27312,2.7766e-14
4317.64310,2.7351e-14
4320.01308,3.0504e-14
4322.38306,2.9991e-14
4324.75304,3.2978e-14
4327.12302,3.5526e-14
4329.49300,4.0888e-14
4331.86298,4.7416e-14
4334.23296,6.6538e-14
4336.60294,1.0074e-13
4338.97292,1.4376e-13
4341.34290,1.7109e-13
4343.71288,1.7437e-13
4346.08286,1.6048e-13
4348.45284,1.3578e-13
4350.82282,1.1298e-13
4353.19280,8.7772e-14
4355.56278,6.3964e-14
4357.93276,5.7002e-14
4360.30274,5.5693e-14
4362.67272,4.5695e-14
4365.04270,3.7307e-14
4367.41268,3.3799e-14
4369.78266,3.1147e-14
4372.15264,3.0391e-14
4374.52262,2.7728e-14
4376.89260,2.837e-14
4379.26258,3.3606e-14
4381.63256,3.5686e-14
4384.00254,3.8586e-14
4386.37252,3.6944e-14
4388.74250,3.1722e-14
4391.11248,3.2978e-14
4393.48246,3.0494e-14
4395.85244,2.794e-14
4398.22242,2.568e-14
4400.59240,2.2765e-14
4402.96238,2.2251e-14
4405.33236,2.2537e-14
4407.70234,2.276e-14
4410.07232,2.425e-14
4412.44230,2.5786e-14
4414.81228,2.8048e-14
4417.18226,2.7827e-14
4419.55224,2.4025e-14
4421.92222,1.9385e-14
4424.29220,1.5869e-14
4426.66218,1.5071e-14
4429.03216,1.8108e-14
4431.40214,1.8241e-14
4433.77212,1.6936e-14
4436.14210,1.7935e-14
4438.51208,1.9852e-14
4440.88206,2.2798e-14
4443.25204,2.219e-14
4445.62202,2.1352e-14
4447.99200,2.3009e-14
4450.36198,2.1068e-14
4452.73196,2.071e-14
4455.10194,2.34e-14
4457.47192,2.114e-14
4459.84190,2.0342e-14
4462.21188,2.4737e-14
4464.58186,2.9331e-14
4466.95184,3.4334e-14
4469.32182,4.3258e-14
4471.69180,4.9062e-14
4474.06178,4.5647e-14
4476.43176,4.0294e-14
4478.80174,3.7224e-14
4481.17172,3.4739e-14
4483.54170,3.2306e-14
4485.91168,3.2554e-14
4488.28166,3.5165e-14
4490.65164,3.3502e-14
4493.02162,2.5824e-14
4495.39160,2.4351e-14
4497.76158,2.4687e-14
4500.13156,2.423e-14
4502.50154,2.2801e-14
4504.87152,2.5645e-14
4507.24150,2.8151e-14
4509.61148,2.7604e-14
4511.98146,3.2526e-14
4514.35144,3.7651e-14
4516.72142,3.7418e-14
4519.09140,3.6098e-14
4521.46138,3.6829e-14
4523.83136,3.4983e-14
4526.20134,3.079e-14
4528.57132,2.7098e-14
4530.94130,2.8466e-14
4533.31128,2.9824e-14
4535.68126,2.7334e-14
4538.05124,2.7925e-14
4540.42122,2.892e-14
4542.79120,2.9933e-14
4545.16118,3.4912e-14
4547.53116,3.957e-14
4549.90114,4.1682e-14
4552.27112,4.3072e-14
4554.64110,4.1623e-14
4557.01108,3.7772e-14
4559.38106,3.3498e-14
4561.75104,2.9624e-14
4564.12102,2.5441e-14
4566.49100,2.4236e-14
4568.86098,2.8498e-14
4571.23096,3.3463e-14
4573.60094,3.4853e-14
4575.97092,3.5333e-14
4578.34090,3.8517e-14
4580.71088,4.8312e-14
4583.08086,5.2655e-14
4585.45084,4.6688e-14
4587.82082,4.2609e-14
4590.19080,3.8521e-14
4592.56078,3.0194e-14
4594.93076,2.6719e-14
4597.30074,2.7422e-14
4599.67072,2.5867e-14
4602.04070,2.6759e-14
4604.41068,2.9348e-14
4606.78066,2.7602e-14
4609.15064,2.7306e-14
4611.52062,3.2738e-14
4613.89060,3.7494e-14
4616.26058,4.0779e-14
4618.63056,4.4455e-14
4621.00054,4.6348e-14
4623.37052,5.0616e-14
4625.74050,5.7174e-14
4628.11048,6.5384e-14
4630.48046,7.5336e-14
4632.85044,8.3543e-14
4635.22042,8.887e-14
4637.59040,8.7118e-14
4639.96038,7.9302e-14
4642.33036,7.018e-14
4644.70034,5.917e-14
4647.07032,5.2586e-14
4649.44030,4.636e-14
4651.81028,4.0822e-14
4654.18026,3.7428e-14
4656.55024,3.4194e-14
4658.92022,3.3837e-14
4661.29020,3.4614e-14
4663.66018,3.7443e-14
4666.03016,3.7125e-14
4668.40014,3.5864e-14
4670.77012,3.9629e-14
4673.14010,4.5289e-14
4675.51008,5.9082e-14
4677.88006,8.9536e-14
4680.25004,1.3271e-13
4682.62002,1.7686e-13
4684.99000,1.8767e-13
4687.35998,1.498e-13
4689.72996,9.4249e-14
4692.09994,6.0703e-14
4694.46992,4.6581e-14
4696.83990,3.8783e-14
4699.20988,3.4079e-14
4701.57986,2.9081e-14
4703.94984,2.7936e-14
4706.31982,3.0184e-14
4708.68980,3.5661e-14
4711.05978,3.9317e-14
4713.42976,3.6884e-14
4715.79974,3.2741e-14
4718.16972,2.8913e-14
4720.53970,2.8518e-14
4722.90968,2.5617e-14
4725.27966,2.2227e-14
4727.64964,2.4044e-14
4730.01962,2.4336e-14
4732.38960,2.1006e-14
4734.75958,2.088e-14
4737.12956,2.3153e-14
4739.49954,1.8644e-14
4741.86952,1.7043e-14
4744.23950,1.979e-14
4746.60948,2.0204e-14
4748.97946,1.8325e-14
4751.34944,1.6776e-14
4753.71942,1.7483e-14
4756.08940,1.8343e-14
4758.45938,1.8025e-14
4760.82936,1.7073e-14
4763.19934,1.8142e-14
4765.56932,1.9183e-14
4767.93930,1.8803e-14
4770.30928,1.8548e-14
4772.67926,1.8496e-14
4775.04924,1.8913e-14
4777.41922,2.1871e-14
4779.78920,2.1646e-14
4782.15918,1.8158e-14
4784.52916,1.8613e-14
4786.89914,1.9366e-14
4789.26912,2.0336e-14
4791.63910,2.2018e-14
4794.00908,2.2146e-14
4796.37906,2.483e-14
4798.74904,2.8293e-14
4801.11902,2.6937e-14
4803.48900,2.5065e-14
4805.85898,2.7721e-14
4808.22896,2.8451e-14
4810.59894,3.0064e-14
4812.96892,3.2143e-14
4815.33890,3.2064e-14
4817.70888,3.6519e-14
4820.07886,3.768e-14
4822.44884,3.8105e-14
4824.81882,4.3609e-14
4827.18880,4.413e-14
4829.55878,4.7845e-14
4831.92876,4.6275e-14
4834.29874,4.4605e-14
4836.66872,4.9856e-14
4839.03870,5.5489e-14
4841.40868,6.0093e-14
4843.77866,6.8005e-14
4846.14864,7.5376e-14
4848.51862,8.1753e-14
4850.88860,1.0257e-13
4853.25858,1.4917e-13
4855.62856,2.2077e-13
4857.99854,3.3839e-13
4860.36852,4.6582e-13
4862.73850,5.4701e-13
4865.10848,5.5499e-13
4867.47846,4.7877e-13
4869.84844,3.8056e-13
4872.21842,2.9392e-13
4874.58840,2.1959e-13
4876.95838,1.6614e-13
4879.32836,1.3037e-13
4881.69834,1.0127e-13
4884.06832,8.1553e-14
4886.43830,7.2465e-14
4888.80828,6.1881e-14
4891.17826,5.0059e-14
4893.54824,4.7497e-14
4895.91822,4.6131e-14
4898.28820,4.327e-14
4900.65818,3.9129e-14
4903.02816,3.7549e-14
4905.39814,4.038e-14
4907.76812,4.0863e-14
4910.13810,4.0204e-14
4912.50808,4.2731e-14
4914.87806,4.3753e-14
4917.24804,5.0249e-14
4919.61802,6.8011e-14
4921.98800,8.2277e-14
4924.35798,8.6813e-14
4926.72796,7.5185e-14
4929.09794,5.4843e-14
4931.46792,4.3211e-14
4933.83790,3.5589e-14
4936.20788,3.4793e-14
4938.57786,3.536e-14
4940.94784,3.429e-14
4943.31782,3.0233e-14
4945.68780,2.6346e-14
4948.05778,2.5955e-14
4950.42776,2.6826e-14
4952.79774,2.8186e-14
4955.16772,2.8117e-14
4957.53770,2.8099e-14
4959.90768,2.7565e-14
4962.27766,2.7938e-14
4964.64764,2.7554e-14
4967.01762,2.6719e-14
4969.38760,2.6039e-14
4971.75758,2.6386e-14
4974.12756,2.743e-14
4976.49754,2.7116e-14
4978.86752,2.8089e-14
4981.23750,2.9813e-14
4983.60748,3.0684e-14
4985.97746,3.3044e-14
4988.34744,3.3195e-14
4990.71742,3.1254e-14
4993.08740,3.3457e-14
4995.45738,3.8286e-14
4997.82736,3.9836e-14
5000.19734,4.3723e-14
5002.56732,4.7478e-14
5004.93730,5.925e-14
5007.30728,6.48e-14
5009.67726,6.3447e-14
5012.04724,7.4318e-14
5014.41722,9.7284e-14
5016.78720,1.1735e-13
5019.15718,1.2281e-13
5021.52716,1.0376e-13
5023.89714,7.9925e-14
5026.26712,6.6449e-14
5028.63710,5.7949e-14
5031.00708,5.3286e-14
5033.37706,5.6121e-14
5035.74704,6.0845e-14
5038.11702,6.6947e-14
5040.48700,7.3533e-14
5042.85698,7.7353e-14
5045.22696,7.6145e-14
5047.59694,7.3929e-14
5049.96692,6.7806e-14
5052.33690,6.5795e-14
5054.70688,7.0326e-14
5057.07686,6.9293e-14
5059.44684,6.5301e-14
5061.81682,6.1797e-14
5064.18680,5.4129e-14
5066.55678,4.9319e-14
5068.92676,4.7691e-14
5071.29674,4.2504e-14
5073.66672,3.8161e-14
5076.03670,3.7834e-14
5078.40668,3.6603e-14
5080.77666,3.4563e-14
5083.14664,3.4655e-14
5085.51662,3.2513e-14
5087.88660,2.6995e-14
5090.25658,2.7889e-14
5092.62656,2.9901e-14
5094.99654,2.7903e-14
5097.36652,3.0823e-14
5099.73650,3.1008e-14
5102.10648,3.1589e-14
5104.47646,2.9345e-14
5106.84644,2.9823e-14
5109.21642,3.135e-14
5111.58640,2.9786e-14
5113.95638,3.0081e-14
5116.32636,3.0713e-14
5118.69634,3.1699e-14
5121.06632,3.042e-14
5123.43630,2.6112e-14
5125.80628,2.6662e-14
5128.17626,2.9115e-14
5130.54624,3.121e-14
5132.91622,3.2016e-14
5135.28620,3.1137e-14
5137.65618,3.0744e-14
5140.02616,2.8252e-14
5142.39614,2.8726e-14
5144.76612,3.3209e-14
5147.13610,3.3369e-14
5149.50608,3.3804e-14
5151.87606,3.5463e-14
5154.24604,3.6341e-14
5156.61602,3.6099e-14
5158.98600,3.4823e-14
5161.35598,3.7663e-14
5163.72596,4.659e-14
5166.09594,6.0138e-14
5168.46592,7.4754e-14
5170.83590,8.7834e-14
5173.20588,8.6749e-14
5175.57586,6.8194e-14
5177.94584,5.2308e-14
5180.31582,4.4543e-14
5182.68580,4.4527e-14
5185.05578,4.5768e-14
5187.42576,4.729e-14
5189.79574,4.5446e-14
5192.16572,4.1687e-14
5194.53570,4.3262e-14
5196.90568,4.6342e-14
5199.27566,4.7833e-14
5201.64564,4.1866e-14
5204.01562,3.6296e-14
5206.38560,3.5509e-14
5208.75558,3.7823e-14
5211.12556,3.726e-14
5213.49554,3.4581e-14
5215.86552,3.361e-14
5218.23550,3.4574e-14
5220.60548,3.7714e-14
5222.97546,3.7314e-14
5225.34544,3.8264e-14
5227.71542,4.4211e-14
5230.08540,4.6911e-14
5232.45538,5.0489e-14
5234.82536,5.2991e-14
5237.19534,4.6718e-14
5239.56532,4.0394e-14
5241.93530,4.0284e-14
5244.30528,3.7678e-14
5246.67526,3.893e-14
5249.04524,4.0232e-14
5251.41522,3.9101e-14
5253.78520,3.8296e-14
5256.15518,3.684e-14
5258.52516,3.8381e-14
5260.89514,3.7454e-14
5263.26512,3.8643e-14
5265.63510,3.9781e-14
5268.00508,4.2028e-14
5270.37506,4.5506e-14
5272.74504,5.0368e-14
5275.11502,5.776e-14
5277.48500,6.1114e-14
5279.85498,5.8367e-14
5282.22496,5.2753e-14
5284.59494,4.8522e-14
5286.96492,4.5578e-14
5289.33490,3.7366e-14
5291.70488,3.4256e-14
5294.07486,3.7225e-14
5296.44484,3.602e-14
5298.81482,3.9228e-14
5301.18480,4.2743e-14
5303.55478,4.0868e-14
5305.92476,4.2488e-14
5308.29474,4.74e-14
5310.66472,5.2388e-14
5313.03470,5.8587e-14
5315.40468,6.901e-14
5317.77466,7.2859e-14
5320.14464,5.8726e-14
5322.51462,4.9009e-14
5324.88460,4.7194e-14
5327.25458,5.1884e-14
5329.62456,4.7901e-14
5331.99454,4.1154e-14
5334.36452,4.1778e-14
5336.73450,3.9174e-14
5339.10448,3.8932e-14
5341.47446,3.7965e-14
5343.84444,3.5657e-14
5346.21442,3.2456e-14
5348.58440,3.09e-14
5350.95438,3.0773e-14
5353.32436,3.1034e-14
5355.69434,3.3667e-14
5358.06432,3.8212e-14
5360.43430,4.2422e-14
5362.80428,4.4243e-14
5365.17426,4.2579e-14
5367.54424,4.3882e-14
5369.91422,4.1127e-14
5372.28420,3.4308e-14
5374.65418,3.5619e-14
5377.02416,3.4857e-14
5379.39414,3.0699e-14
5381.76412,3.1341e-14
5384.13410,3.8072e-14
5386.50408,3.6421e-14
5388.87406,3.2643e-14
5391.24404,3.2016e-14
5393.61402,3.3489e-14
5395.98400,3.2566e-14
5398.35398,3.1871e-14
5400.72396,3.8492e-14
5403.09394,4.1218e-14
5405.46392,4.4079e-14
5407.83390,4.7497e-14
5410.20388,5.1192e-14
5412.57386,5.178e-14
5414.94384,4.5349e-14
5417.31382,3.8639e-14
5419.68380,4.057e-14
5422.05378,4.3817e-14
5424.42376,4.2902e-14
5426.79374,4.0612e-14
5429.16372,3.9766e-14
5431.53370,4.1903e-14
5433.90368,4.3273e-14
5436.27366,4.0938e-14
5438.64364,3.7455e-14
5441.01362,3.1605e-14
5443.38360,3.3141e-14
5445.75358,3.613e-14
5448.12356,3.9681e-14
5450.49354,3.9189e-14
5452.86352,3.7075e-14
5455.23350,4e-14
5457.60348,4.1997e-14
5459.97346,4.0835e-14
5462.34344,3.8691e-14
5464.71342,3.7758e-14
5467.08340,3.6606e-14
5469.45338,3.9355e-14
5471.82336,4.2114e-14
5474.19334,4.2005e-14
5476.56332,4.0726e-14
5478.93330,3.9032e-14
5481.30328,3.8904e-14
5483.67326,3.9776e-14
5486.04324,4.0121e-14
5488.41322,4.2393e-14
5490.78320,4.0817e-14
5493.15318,3.761e-14
5495.52316,3.6566e-14
5497.89314,3.7329e-14
5500.26312,4.1235e-14
5502.63310,4.4911e-14
5505.00308,4.2992e-14
5507.37306,4.1011e-14
5509.74304,4.1457e-14
5512.11302,3.8835e-14
5514.48300,3.8241e-14
5516.85298,4.0417e-14
5519.22296,3.9315e-14
5521.59294,3.8696e-14
5523.96292,4.1332e-14
5526.33290,4.5663e-14
5528.70288,4.8322e-14
5531.07286,5.8103e-14
5533.44284,6.2702e-14
5535.81282,5.3139e-14
5538.18280,4.619e-14
5540.55278,4.7656e-14
5542.92276,4.7334e-14
5545.29274,4.3658e-14
5547.66272,4.1803e-14
5550.03270,4.3519e-14
5552.40268,4.5887e-14
5554.77266,4.3421e-14
5557.14264,3.8248e-14
5559.51262,4.2889e-14
5561.88260,4.5423e-14
5564.25258,4.131e-14
5566.62256,3.9851e-14
5568.99254,3.9324e-14
5571.36252,4.3207e-14
5573.73250,4.6394e-14
5576.10248,4.9073e-14
5578.47246,3.9367e-14
5580.84244,3.8548e-14
5583.21242,4.2268e-14
5585.58240,4.3989e-14
5587.95238,4.3303e-14
5590.32236,4.3085e-14
5592.69234,3.593e-14
5595.06232,3.4378e-14
5597.43230,3.6956e-14
5599.80228,3.9112e-14
5602.17226,4.0048e-14
5604.54224,4.0087e-14
5606.91222,4.1498e-14
5609.28220,4.2531e-14
5611.65218,3.7103e-14
5614.02216,3.8736e-14
5616.39214,4.035e-14
5618.76212,4.1941e-14
5621.13210,3.8897e-14
5623.50208,3.7677e-14
5625.87206,4.2217e-14
5628.24204,4.4091e-14
5630.61202,4.2959e-14
5632.98200,4.0144e-14
5635.35198,4.0247e-14
5637.72196,4.0209e-14
5640.09194,4.1073e-14
5642.46192,4.3827e-14
5644.83190,4.6006e-14
5647.20188,4.8376e-14
5649.57186,4.733e-14
5651.94184,4.8483e-14
5654.31182,5.0078e-14
5656.68180,4.5988e-14
5659.05178,4.472e-14
5661.42176,4.6298e-14
5663.79174,4.3886e-14
5666.16172,4.6861e-14
5668.53170,4.9962e-14
5670.90168,4.9852e-14
5673.27166,4.5218e-14
5675.64164,4.8067e-14
5678.01162,5.5821e-14
5680.38160,5.1127e-14
5682.75158,4.4806e-14
5685.12156,4.4482e-14
5687.49154,4.1479e-14
5689.86152,4.2479e-14
5692.23150,4.9026e-14
5694.60148,4.8808e-14
5696.97146,4.3229e-14
5699.34144,4.0955e-14
5701.71142,4.4198e-14
5704.08140,4.6168e-14
5706.45138,4.5745e-14
5708.82136,4.8058e-14
5711.19134,5.0036e-14
5713.56132,4.6786e-14
5715.93130,4.5856e-14
5718.30128,5.0488e-14
5720.67126,4.7509e-14
5723.04124,4.8247e-14
5725.41122,5.0547e-14
5727.78120,4.7339e-14
5730.15118,4.7467e-14
5732.52116,4.7495e-14
5734.89114,4.8821e-14
5737.26112,4.2617e-14
5739.63110,4.5241e-14
5742.00108,4.6275e-14
5744.37106,4.6839e-14
5746.74104,4.7895e-14
5749.11102,4.5406e-14
5751.48100,4.5895e-14
5753.85098,4.7092e-14
5756.22096,4.8548e-14
5758.59094,4.6287e-14
5760.96092,4.7414e-14
5763.33090,4.6881e-14
5765.70088,4.5865e-14
5768.07086,4.5707e-14
5770.44084,4.2107e-14
5772.81082,4.0089e-14
5775.18080,4.1913e-14
5777.55078,4.2387e-14
5779.92076,4.5711e-14
5782.29074,4.5472e-14
5784.66072,4.4361e-14
5787.03070,4.7386e-14
5789.40068,4.9207e-14
5791.77066,4.597e-14
5794.14064,4.9238e-14
5796.51062,5.6648e-14
5798.88060,5.6655e-14
5801.25058,5.2521e-14
5803.62056,5.5287e-14
5805.99054,5.948e-14
5808.36052,5.5419e-14
5810.73050,5.2883e-14
5813.10048,5.0062e-14
5815.47046,5.1739e-14
5817.84044,5.8805e-14
5820.21042,6.0751e-14
5822.58040,6.2991e-14
5824.95038,5.9704e-14
5827.32036,5.5951e-14
5829.69034,5.2127e-14
5832.06032,5.3123e-14
5834.43030,6.3685e-14
5836.80028,5.879e-14
5839.17026,5.8348e-14
5841.54024,6.48e-14
5843.91022,6.6848e-14
5846.28020,6.6847e-14
5848.65018,6.385e-14
5851.02016,6.4457e-14
5853.39014,7.0435e-14
5855.76012,7.8054e-14
5858.13010,7.9739e-14
5860.50008,7.2658e-14
5862.87006,8.2551e-14
5865.24004,1.0102e-13
5867.61002,1.3135e-13
5869.98000,1.6342e-13
5872.34998,1.9026e-13
5874.71996,2.2769e-13
5877.08994,2.5499e-13
5879.45992,2.5464e-13
5881.82990,2.2453e-13
5884.19988,1.8274e-13
5886.56986,1.4762e-13
5888.93984,1.2868e-13
5891.30982,1.2846e-13
5893.67980,1.2847e-13
5896.04978,1.2353e-13
5898.41976,1.1449e-13
5900.78974,1.181e-13
5903.15972,1.1301e-13
5905.52970,9.9129e-14
5907.89968,9.0287e-14
5910.26966,7.9284e-14
5912.63964,7.9397e-14
5915.00962,7.3006e-14
5917.37960,6.4e-14
5919.74958,6.5979e-14
5922.11956,6.3836e-14
5924.48954,5.9284e-14
5926.85952,6.1696e-14
5929.22950,5.8056e-14
5931.59948,5.5253e-14
5933.96946,6.5381e-14
5936.33944,6.3104e-14
5938.70942,5.9779e-14
5941.07940,6.5317e-14
5943.44938,6.314e-14
5945.81936,5.6346e-14
5948.18934,5.5068e-14
5950.55932,5.3875e-14
5952.92930,5.2316e-14
5955.29928,5.5899e-14
5957.66926,5.4714e-14
5960.03924,5.0383e-14
5962.40922,4.9252e-14
5964.77920,5.1001e-14
5967.14918,5.1599e-14
5969.51916,5.4842e-14
5971.88914,5.5206e-14
5974.25912,5.4243e-14
5976.62910,5.2995e-14
5978.99908,5.5908e-14
5981.36906,5.5527e-14
5983.73904,5.6519e-14
5986.10902,5.9066e-14
5988.47900,6.3609e-14
5990.84898,6.2476e-14
5993.21896,4.8063e-14
5995.58894,4.6462e-14
5997.95892,5.5042e-14
6000.32890,5.0765e-14
6002.69888,4.8376e-14
6005.06886,4.9707e-14
6007.43884,4.8642e-14
6009.80882,4.6396e-14
6012.17880,4.4105e-14
6014.54878,4.3216e-14
6016.91876,4.9575e-14
6019.28874,4.8153e-14
6021.65872,4.6787e-14
6024.02870,5.4815e-14
6026.39868,6.0402e-14
6028.76866,5.5313e-14
6031.13864,4.8094e-14
6033.50862,5.6259e-14
6035.87860,5.1692e-14
6038.24858,4.455e-14
6040.61856,4.4635e-14
6042.98854,4.6212e-14
6045.35852,4.3169e-14
6047.72850,4.6345e-14
6050.09848,5.2067e-14
6052.46846,5.4049e-14
6054.83844,5.1362e-14
6057.20842,5.2109e-14
6059.57840,4.9226e-14
6061.94838,4.7875e-14
6064.31836,5.1293e-14
6066.68834,5.2492e-14
6069.05832,5.6067e-14
6071.42830,5.4805e-14
6073.79828,5.3767e-14
6076.16826,5.7755e-14
6078.53824,5.6531e-14
6080.90822,5.4189e-14
6083.27820,6.0827e-14
6085.64818,6.6803e-14
6088.01816,5.6793e-14
6090.38814,4.8141e-14
6092.75812,5.3239e-14
6095.12810,5.1899e-14
6097.49808,5.3317e-14
6099.86806,5.6182e-14
6102.23804,6.1353e-14
6104.60802,6.2054e-14
6106.97800,7.2686e-14
6109.34798,6.8268e-14
6111.71796,5.6804e-14
6114.08794,5.3545e-14
6116.45792,4.5904e-14
6118.82790,5.2566e-14
6121.19788,5.6266e-14
6123.56786,5.5126e-14
6125.93784,5.7992e-14
6128.30782,5.092e-14
6130.67780,4.8301e-14
6133.04778,5.5343e-14
6135.41776,5.7082e-14
6137.78774,5.3671e-14
6140.15772,5.4406e-14
6142.52770,6.0772e-14
6144.89768,7.2778e-14
6147.26766,7.108e-14
6149.63764,5.5618e-14
6152.00762,6.4177e-14
6154.37760,6.3518e-14
6156.74758,5.9871e-14
6159.11756,5.9029e-14
6161.48754,5.4071e-14
6163.85752,6.1547e-14
6166.22750,6.1486e-14
6168.59748,4.9412e-14
6170.96746,5.0141e-14
6173.33744,5.5545e-14
6175.70742,5.369e-14
6178.07740,5.0246e-14
6180.44738,5.9274e-14
6182.81736,5.6758e-14
6185.18734,4.9063e-14
6187.55732,5.1567e-14
6189.92730,5.6135e-14
6192.29728,5.741e-14
6194.66726,5.2302e-14
6197.03724,5.1995e-14
6199.40722,5.333e-14
6201.77720,5.0143e-14
6204.14718,5.287e-14
6206.51716,4.9062e-14
6208.88714,4.4439e-14
6211.25712,5.0513e-14
6213.62710,5.1849e-14
6215.99708,4.7969e-14
6218.36706,4.6404e-14
6220.73704,4.7129e-14
6223.10702,5.62e-14
6225.47700,6.3496e-14
6227.84698,5.9822e-14
6230.21696,6.6682e-14
6232.58694,7.3028e-14
6234.95692,7.0078e-14
6237.32690,7.2814e-14
6239.69688,7.2048e-14
6242.06686,6.6992e-14
6244.43684,7.0238e-14
6246.80682,7.724e-14
6249.17680,7.4069e-14
6251.54678,6.6504e-14
6253.91676,5.6069e-14
6256.28674,5.7511e-14
6258.65672,5.6952e-14
6261.02670,6.5603e-14
6263.39668,5.869e-14
6265.76666,5.4071e-14
6268.13664,5.7476e-14
6270.50662,6.1061e-14
6272.87660,5.2257e-14
6275.24658,6.1037e-14
6277.61656,5.7053e-14
6279.98654,6.0161e-14
6282.35652,5.2713e-14
6284.72650,4.941e-14
6287.09648,6.5048e-14
6289.46646,6.3945e-14
6291.83644,5.6381e-14
6294.20642,6.4546e-14
6296.57640,7.0156e-14
6298.94638,6.8763e-14
6301.31636,7.1358e-14
6303.68634,7.0277e-14
6306.05632,7.0631e-14
6308.42630,6.8661e-14
6310.79628,7.3703e-14
6313.16626,7.318e-14
6315.53624,7.2821e-14
6317.90622,7.3869e-14
6320.27620,7.9707e-14
6322.64618,8.17e-14
6325.01616,6.649e-14
6327.38614,8.0337e-14
6329.75612,9.0032e-14
6332.12610,7.4119e-14
6334.49608,7.0325e-14
6336.86606,7.3347e-14
6339.23604,9.2053e-14
6341.60602,9.2152e-14
6343.97600,8.0964e-14
6346.34598,8.9205e-14
6348.71596,1.0829e-13
6351.08594,1.0654e-13
6353.45592,9.454e-14
6355.82590,9.8347e-14
6358.19588,8.5408e-14
6360.56586,8.4122e-14
6362.93584,9.3461e-14
6365.30582,1.1043e-13
6367.67580,1.1752e-13
6370.04578,1.096e-13
6372.41576,1.2752e-13
6374.78574,1.1971e-13
6377.15572,1.1229e-13
6379.52570,1.1562e-13
6381.89568,1.0279e-13
6384.26566,1.0557e-13
6386.63564,1.0504e-13
6389.00562,7.8806e-14
6391.37560,7.5905e-14
6393.74558,8.7847e-14
6396.11556,6.9967e-14
6398.48554,6.2136e-14
6400.85552,6.8042e-14
6403.22550,6.2855e-14
6405.59548,6.2013e-14
6407.96546,6.4131e-14
6410.33544,5.6445e-14
6412.70542,7.0812e-14
6415.07540,7.7413e-14
6417.44538,7.1917e-14
6419.81536,5.9083e-14
6422.18534,6.1669e-14
6424.55532,6.5595e-14
6426.92530,5.8885e-14
6429.29528,7.0668e-14
6431.66526,9.0628e-14
6434.03524,8.2123e-14
6436.40522,7.7116e-14
6438.77520,6.9442e-14
6441.14518,7.1789e-14
6443.51516,6.2912e-14
6445.88514,6.0651e-14
6448.25512,6.7618e-14
6450.62510,8.3284e-14
6452.99508,9.1875e-14
6455.36506,8.8526e-14
6457.73504,8.9154e-14
6460.10502,8.7052e-14
6462.47500,6.6184e-14
6464.84498,6.0568e-14
6467.21496,7.2123e-14
6469.58494,8.5791e-14
6471.95492,9.2881e-14
6474.32490,1.0693e-13
6476.69488,1.3279e-13
6479.06486,1.1956e-13
6481.43484,1.4483e-13
6483.80482,1.536e-13
6486.17480,1.4345e-13
6488.54478,1.2603e-13
6490.91476,1.5922e-13
6493.28474,1.7906e-13
6495.65472,1.6053e-13
6498.02470,1.7937e-13
6500.39468,2.1761e-13
6502.76466,2.2001e-13
6505.13464,2.3731e-13
6507.50462,2.5668e-13
6509.87460,2.8489e-13
6512.24458,3.4594e-13
6514.61456,4.1572e-13
6516.98454,4.4973e-13
6519.35452,4.3498e-13
6521.72450,4.3516e-13
6524.09448,4.3209e-13
6526.46446,5.4214e-13
6528.83444,5.5815e-13
6531.20442,5.1937e-13
6533.57440,6.0687e-13
6535.94438,6.1485e-13
6538.31436,6.7828e-13
6540.68434,7.8011e-13
6543.05432,7.9828e-13
6545.42430,8.8188e-13
6547.79428,1.041e-12
6550.16426,1.3279e-12
6552.53424,1.8459e-12
6554.90422,2.5709e-12
6557.27420,3.881e-12
6559.64418,5.6549e-12
6562.01416,7.148e-12
6564.38414,8.1647e-12
6566.75412,8.5095e-12
6569.12410,7.8507e-12
6571.49408,7.106e-12
6573.86406,6.0322e-12
6576.23404,4.8509e-12
6578.60402,4.0683e-12
6580.97400,3.3609e-12
6583.34398,2.5658e-12
6585.71396,2.0789e-12
6588.08394,1.8711e-12
6590.45392,1.4332e-12
6592.82390,1.1194e-12
6595.19388,9.7808e-13
6597.56386,7.5463e-13
6599.93384,7.0133e-13
6602.30382,6.129e-13
6604.67380,5.2052e-13
6607.04378,4.9403e-13
6609.41376,4.6367e-13
6611.78374,3.6984e-13
6614.15372,2.8109e-13
6616.52370,3.3802e-13
6618.89368,2.0984e-13
6621.26366,2.1943e-13
6623.63364,2.3649e-13
6626.00362,2.5155e-13
6628.37360,2.6259e-13
6630.74358,2.056e-13
6633.11356,1.6963e-13
6635.48354,1.999e-13
6637.85352,2.0761e-13
6640.22350,1.5224e-13
6642.59348,1.0915e-13
6644.96346,9.3557e-14
6647.33344,9.7611e-14
6649.70342,9.895e-14
6652.07340,7.3507e-14
6654.44338,4.8508e-14
6656.81336,6.7915e-14
6659.18334,5.2641e-14
6661.55332,6.7407e-14
6663.92330,7.9043e-14
6666.29328,1.0091e-13
6668.66326,9.5898e-14
6671.03324,1.4128e-13
6673.40322,1.4181e-13
6675.77320,1.1354e-13
6678.14318,1.2742e-13
6680.51316,1.8977e-13
6682.88314,1.6352e-13
6685.25312,1.299e-13
6687.62310,9.9667e-14
6689.99308,9.783e-14
6692.36306,8.3581e-14
6694.73304,6.1433e-14
6697.10302,6.4418e-14
6699.47300,4.2557e-14
6701.84298,5.6151e-14
6704.21296,5.0248e-14
6706.58294,5.2693e-14
6708.95292,6.0464e-14
6711.32290,7.1375e-14
6713.69288,9.3747e-14
6716.06286,8.6469e-14
6718.43284,6.3898e-14
6720.80282,3.744e-14
6723.17280,4.0254e-14
6725.54278,5.8023e-14
6727.91276,4.693e-14
6730.28274,6.4627e-14
6732.65272,7.672e-14
6735.02270,5.23e-14
6737.39268,6.5151e-14
6739.76266,3.9749e-14
6742.13264,4.7108e-14
6744.50262,5.3244e-14
6746.87260,4.1821e-14
6749.24258,3.3977e-14
6751.61256,3.4331e-14
6753.98254,6.2131e-14
6756.35252,5.5504e-14
6758.72250,1.0873e-14
6761.09248,5.8226e-14
6763.46246,2.523e-14
6765.83244,1.8781e-14
6768.20242,4.3876e-14
6770.57240,3.2216e-14
6772.94238,3.5359e-14
6775.31236,3.3756e-14
6777.68234,2.6038e-14
6780.05232,4.4107e-14
6782.42230,5.5543e-14
6784.79228,3.8679e-14
6787.16226,3.0165e-14
6789.53224,2.6944e-14
6791.90222,1.6503e-14
6794.27220,2.5654e-14
6796.64218,4.2681e-14
6799.01216,4.1428e-14
6801.38214,4.1424e-14
6803.75212,4.4121e-14
6806.12210,7.4528e-14
6808.49208,5.8691e-14
6810.86206,4.4735e-14
6813.23204,5.4959e-14
6815.60202,4.0977e-14
6817.97200,2.9949e-14
6820.34198,2.0804e-14
6822.71196,3.8221e-14
6825.08194,3.4175e-14
6827.45192,6.4993e-14
6829.82190,4.5965e-14
6832.19188,3.2056e-14
6834.56186,7.7185e-14
6836.93184,7.2e-14
6839.30182,4.2513e-14
6841.67180,1.2247e-14
6844.04178,4.964e-14
6846.41176,4.1407e-14
6848.78174,3.556e-14
6851.15172,3.2533e-14
6853.52170,3.5401e-14
6855.89168,2.9851e-14
6858.26166,4.7395e-14
6860.63164,4.3951e-14
6863.00162,5.1955e-14
6865.37160,2.788e-14
6867.74158,4.1991e-14
6870.11156,5.5332e-14
6872.48154,2.6045e-14
6874.85152,6.5074e-15
6877.22150,9.7464e-15
6879.59148,1.8001e-14
6881.96146,2.7573e-14
6884.33144,2.713e-14
6886.70142,2.6027e-14
6889.07140,3.2632e-14
6891.44138,4.1629e-14
6893.81136,3.5641e-14
6896.18134,9.362e-15
6898.55132,2.8047e-14
6900.92130,4.0277e-14
6903.29128,3.4064e-14
6905.66126,3.3088e-14
6908.03124,3.0951e-14
6910.40122,3.0129e-14
6912.77120,2.7402e-14
6915.14118,2.1659e-14
6917.51116,5.1973e-14
6919.88114,3.2313e-14
6922.25112,3.5295e-14
6924.62110,3.1192e-14
6926.99108,2.1426e-14
6929.36106,3.2512e-14
6931.73104,4.4656e-14
6934.10102,1.8408e-14
6936.47100,2.6251e-14
6938.84098,3.5298e-14
6941.21096,1.1394e-14
6943.58094,2.4849e-14
6945.95092,2.6939e-14
6948.32090,2.787e-14
6950.69088,2.6551e-14
6953.06086,1.9348e-14
6955.43084,3.0871e-14
6957.80082,4.2734e-14
6960.17080,1.8154e-14
6962.54078,3.5375e-14
6964.91076,1.9856e-14
6967.28074,3.9168e-14
6969.65072,3.6063e-14
6972.02070,1.3871e-14
6974.39068,1.9327e-14
6976.76066,9.6301e-15
6979.13064,7.5186e-15
6981.50062,7.3983e-17
6983.87060,3.2169e-14
6986.24058,2.4015e-14
6988.61056,3.3642e-14
6990.98054,3.5463e-14
6993.35052,1.7298e-14
6995.72050,3.5532e-14
6998.09048,1.7447e-14
7000.46046,1.9457e-14
7002.83044,3.8343e-14
7005.20042,3.588e-14
7007.57040,2.2793e-14
7009.94038,1.4725e-14
7012.31036,2.5971e-14
7014.68034,2.7633e-14
7017.05032,4.4245e-15
7019.42030,6.9837e-15
7021.79028,0.0
7024.16026,0.0
7026.53024,0.0
7028.90022,0.0
7031.27020,0.0
7033.64018,0.0
7036.01016,0.0
7038.38014,0.0
7040.75012,0.0
7043.12010,0.0
7045.49008,0.0
7047.86006,0.0
7050.23004,0.0
7052.60002,0.0
7054.97000,0.0
7057.33998,0.0
7059.70996,0.0
7062.07994,0.0
7064.44992,0.0
7066.81990,0.0
7069.18988,0.0
7071.55986,0.0
7073.92984,0.0
7076.29982,0.0
7078.66980,0.0
7081.03978,0.0
7083.40976,0.0
7085.77974,0.0
7088.14972,0.0
7090.51970,0.0
7092.88968,0.0
7095.25966,0.0
7097.62964,0.0
7099.99962,0.0