3590.00000,-1.5392e-19
3592.33800,1.1009e-12
3594.67600,1.403e-12
3597.01400,1.3158e-12
3599.35200,1.2287e-12
3601.69000,1.1443e-12
3604.02800,1.0619e-12
3606.36600,9.8284e-13
3608.70400,9.0727e-13
3611.04200,8.3484e-13
3613.38000,7.6573e-13
3615.71800,6.9964e-13
3618.05600,6.4893e-13
3620.39400,6.0553e-13
3622.73200,5.6535e-13
3625.07000,5.1572e-13
3627.40800,4.8901e-13
3629.74600,2.1338e-13
3632.08400,1.8302e-13
3634.42200,3.4739e-13
3636.76000,1.7976e-13
3639.09800,2.9074e-13
3641.43600,2.9213e-13
3643.77400,2.3838e-13
3646.11200,2.8304e-13
3648.45000,3.2827e-13
3650.78800,3.6019e-13
3653.12600,3.5862e-13
3655.46400,3.4296e-13
3657.80200,4.1044e-13
3660.14000,3.9372e-13
3662.47800,4.3966e-13
3664.81600,4.5684e-13
3667.15400,4.1782e-13
3669.49200,2.8446e-13
3671.83000,2.5288e-13
3674.16800,2.9362e-13
3676.50600,3.3885e-13
3678.84400,3.3572e-13
3681.18200,3.4965e-13
3683.52000,3.791e-13
3685.85800,3.9915e-13
3688.19600,3.9322e-13
3690.53400,3.6633e-13
3692.87200,3.8103e-13
3695.21000,3.6836e-13
3697.54800,3.3845e-13
3699.88600,2.9625e-13
3702.22400,3.3785e-13
3704.56200,3.8712e-13
3706.90000,4.2635e-13
3709.23800,4.4194e-13
3711.57600,3.9598e-13
3713.91400,4.3551e-13
3716.25200,4.433e-13
3718.59000,3.8699e-13
3720.92800,4.1487e-13
3723.26600,4.0207e-13
3725.60400,3.6583e-13
3727.94200,3.4028e-13
3730.28000,3.4542e-13
3732.61800,3.4189e-13
3734.95600,3.3684e-13
3737.29400,3.8754e-13
3739.63200,3.9699e-13
3741.97000,3.8564e-13
3744.30800,3.884e-13
3746.64600,4.043e-13
3748.98400,4.2392e-13
3751.32200,3.7516e-13
3753.66000,3.5049e-13
3755.99800,3.8763e-13
3758.33600,4.8155e-13
3760.67400,5.4133e-13
3763.01200,5.5673e-13
3765.35000,5.5574e-13
3767.68800,5.8147e-13
3770.02600,5.344e-13
3772.36400,4.6847e-13
3774.70200,4.3302e-13
3777.04000,3.5632e-13
3779.37800,3.1136e-13
3781.71600,2.8791e-13
3784.05400,2.5711e-13
3786.39200,2.6704e-13
3788.73000,3.1492e-13
3791.06800,3.2842e-13
3793.40600,3.9575e-13
3795.74400,4.1767e-13
3798.08200,4.0091e-13
3800.42000,4.2583e-13
3802.75800,3.9009e-13
3805.09600,3.7386e-13
3807.43400,3.3266e-13
3809.77200,2.9989e-13
3812.11000,2.8695e-13
3814.44800,2.4221e-13
3816.78600,2.0987e-13
3819.12400,2.0737e-13
3821.46200,2.5136e-13
3823.80000,2.549e-13
3826.13800,2.9711e-13
3828.47600,3.2281e-13
3830.81400,3.5007e-13
3833.15200,4.3973e-13
3835.49000,4.7915e-13
3837.82800,4.8046e-13
3840.16600,4.6201e-13
3842.50400,4.3884e-13
3844.84200,4.1035e-13
3847.18000,3.7735e-13
3849.51800,3.8429e-13
3851.85600,3.815e-13
3854.19400,3.3818e-13
3856.53200,3.1506e-13
3858.87000,3.0812e-13
3861.20800,2.8955e-13
3863.54600,2.6192e-13
3865.88400,2.3973e-13
3868.22200,2.0255e-13
3870.56000,1.6409e-13
3872.89800,1.7342e-13
3875.23600,2.2884e-13
3877.57400,2.7308e-13
3879.91200,3.0581e-13
3882.25000,3.6735e-13
3884.58800,4.5601e-13
3886.92600,5.1076e-13
3889.26400,5.107e-13
3891.60200,4.8025e-13
3893.94000,4.3502e-13
3896.27800,4.0652e-13
3898.61600,3.8562e-13
3900.95400,3.8207e-13
3903.29200,3.6534e-13
3905.63000,3.5424e-13
3907.96800,3.5723e-13
3910.30600,3.5853e-13
3912.64400,3.6495e-13
3914.98200,3.3277e-13
3917.32000,3.1386e-13
3919.65800,2.93e-13
3921.99600,3.092e-13
3924.33400,3.858e-13
3926.67200,4.7273e-13
3929.01000,5.7662e-13
3931.34800,6.7398e-13
3933.68600,7.4754e-13
3936.02400,7.6292e-13
3938.36200,6.868e-13
3940.70000,5.8147e-13
3943.03800,4.7229e-13
3945.37600,3.7176e-13
3947.71400,2.7477e-13
3950.05200,1.9273e-13
3952.39000,1.5399e-13
3954.72800,1.7875e-13
3957.06600,2.2296e-13
3959.40400,3.2567e-13
3961.74200,4.8623e-13
3964.08000,6.4508e-13
3966.41800,7.5073e-13
3968.75600,8.1766e-13
3971.09400,8.0606e-13
3973.43200,7.2557e-13
3975.77000,5.6167e-13
3978.10800,4.4995e-13
3980.44600,3.8864e-13
3982.78400,3.7194e-13
3985.12200,3.6154e-13
3987.46000,3.2993e-13
3989.79800,3.3298e-13
3992.13600,3.456e-13
3994.47400,3.6577e-13
3996.81200,3.7764e-13
3999.15000,3.9859e-13
4001.48800,3.7226e-13
4003.82600,3.4145e-13
4006.16400,3.2009e-13
4008.50200,3.0974e-13
4010.84000,3.0815e-13
4013.17800,2.934e-13
4015.51600,2.9751e-13
4017.85400,2.8259e-13
4020.19200,2.9967e-13
4022.53000,3.3618e-13
4024.86800,3.4015e-13
4027.20600,3.5805e-13
4029.54400,3.5975e-13
4031.88200,3.3657e-13
4034.22000,3.3657e-13
4036.55800,3.4744e-13
4038.89600,3.3026e-13
4041.23400,3.1957e-13
4043.57200,2.9465e-13
4045.91000,2.9937e-13
4048.24800,2.7038e-13
4050.58600,2.7083e-13
4052.92400,2.617e-13
4055.26200,2.4573e-13
4057.60000,2.9145e-13
4059.93800,3.0602e-13
4062.27600,3.2048e-13
4064.61400,3.3232e-13
4066.95200,3.373e-13
4069.29000,3.5756e-13
4071.62800,3.5613e-13
4073.96600,3.273e-13
4076.30400,2.7844e-13
4078.64200,2.3443e-13
4080.98000,1.6594e-13
4083.31800,1.3292e-13
4085.65600,1.3974e-13
4087.99400,1.9991e-13
4090.33200,2.8057e-13
4092.67000,3.5835e-13
4095.00800,4.405e-13
4097.34600,5.3598e-13
4099.68400,6.09e-13
4102.02200,6.6071e-13
4104.36000,6.3053e-13
4106.69800,6.0044e-13
4109.03600,5.391e-13
4111.37400,4.5505e-13
4113.71200,4.3949e-13
4116.05000,4.3338e-13
4118.38800,4.1552e-13
4120.72600,4.0652e-13
4123.06400,3.9021e-13
4125.40200,3.9022e-13
4127.74000,3.8154e-13
4130.07800,3.7501e-13
4132.41600,3.576e-13
4134.75400,3.3529e-13
4137.09200,3.1126e-13
4139.43000,3.1899e-13
4141.76800,3.3676e-13
4144.10600,3.2659e-13
4146.44400,3.1402e-13
4148.78200,3.3108e-13
4151.12000,3.0373e-13
4153.45800,2.8583e-13
4155.79600,3.0016e-13
4158.13400,3.0286e-13
4160.47200,3.2071e-13
4162.81000,3.5113e-13
4165.14800,3.8696e-13
4167.48600,4.5009e-13
4169.82400,5.0571e-13
4172.16200,5.6273e-13
4174.50000,5.9587e-13
4176.83800,5.8668e-13
4179.17600,5.4568e-13
4181.51400,5.04e-13
4183.85200,4.635e-13
4186.19000,4.3176e-13
4188.52800,3.9726e-13
4190.86600,3.7111e-13
4193.20400,3.4884e-13
4195.54200,3.1244e-13
4197.88000,2.9525e-13
4200.21800,3.194e-13
4202.55600,3.1615e-13
4204.89400,3.0123e-13
4207.23200,3.0364e-13
4209.57000,2.832e-13
4211.90800,2.7434e-13
4214.24600,2.8294e-13
4216.58400,2.8739e-13
4218.92200,3.2679e-13
4221.26000,3.6294e-13
4223.59800,4.2045e-13
4225.93600,5.0183e-13
4228.27400,5.6086e-13
4230.61200,6.2657e-13
4232.95000,6.8603e-13
4235.28800,6.614e-13
4237.62600,6.2233e-13
4239.96400,6.0102e-13
4242.30200,5.4822e-13
4244.64000,4.9072e-13
4246.97800,4.4569e-13
4249.31600,4.1077e-13
4251.65400,3.954e-13
4253.99200,3.8691e-13
4256.33000,4.1239e-13
4258.66800,4.423e-13
4261.00600,4.6159e-13
4263.34400,4.879e-13
4265.68200,5.2936e-13
4268.02000,5.5212e-13
4270.35800,5.4988e-13
4272.69600,5.3124e-13
4275.03400,4.9997e-13
4277.37200,4.7546e-13
4279.71000,4.5841e-13
4282.04800,4.5787e-13
4284.38600,4.4814e-13
4286.72400,4.6055e-13
4289.06200,4.9612e-13
4291.40000,5.0723e-13
4293.73800,5.2164e-13
4296.07600,5.3298e-13
4298.41400,5.5931e-13
4300.75200,5.6834e-13
4303.09000,5.6944e-13
4305.42800,5.4749e-13
4307.76600,5.278e-13
4310.10400,4.9653e-13
4312.44200,4.8309e-13
4314.78000,4.4147e-13
4317.11800,3.7264e-13
4319.45600,2.7809e-13
4321.79400,2.3455e-13
4324.13200,2.2758e-13
4326.47000,2.7716e-13
4328.80800,3.4471e-13
4331.14600,4.4822e-13
4333.48400,6.3747e-13
4335.82200,7.7142e-13
4338.16000,9.2844e-13
4340.49800,1.0129e-12
4342.83600,1.0584e-12
4345.17400,1.0533e-12
4347.51200,1.0455e-12
4349.85000,1.0087e-12
4352.18800,9.676e-13
4354.52600,9.1665e-13
4356.86400,8.0226e-13
4359.20200,6.9333e-13
4361.54000,5.9808e-13
4363.87800,5.2966e-13
4366.21600,4.9729e-13
4368.55400,4.8405e-13
4370.89200,4.619e-13
4373.23000,4.5634e-13
4375.56800,4.4087e-13
4377.90600,4.5287e-13
4380.24400,4.8726e-13
4382.58200,5.0688e-13
4384.92000,5.0162e-13
4387.25800,4.8671e-13
4389.59600,4.71e-13
4391.93400,4.6114e-13
4394.27200,4.3353e-13
4396.61000,4.2092e-13
4398.94800,4.0596e-13
4401.28600,3.9542e-13
4403.62400,3.9716e-13
4405.96200,4.3135e-13
4408.30000,4.4625e-13
4410.63800,4.9639e-13
4412.97600,5.6286e-13
4415.31400,5.6671e-13
4417.65200,5.6828e-13
4419.99000,5.5914e-13
4422.32800,4.8787e-13
4424.66600,4.191e-13
4427.00400,3.7563e-13
4429.34200,3.5539e-13
4431.68000,3.6018e-13
4434.01800,3.4864e-13
4436.35600,3.5395e-13
4438.69400,3.8455e-13
4441.03200,4.1781e-13
4443.37000,4.4482e-13
4445.70800,4.4227e-13
4448.04600,4.2952e-13
4450.38400,4.0936e-13
4452.72200,3.869e-13
4455.06000,3.8616e-13
4457.39800,3.753e-13
4459.73600,3.6711e-13
4462.07400,3.9743e-13
4464.41200,4.4107e-13
4466.75000,4.8044e-13
4469.08800,5.0373e-13
4471.42600,5.0345e-13
4473.76400,4.8437e-13
4476.10200,5.0104e-13
4478.44000,5.1792e-13
4480.77800,5.096e-13
4483.11600,5.147e-13
4485.45400,5.095e-13
4487.79200,5.2423e-13
4490.13000,5.2701e-13
4492.46800,4.9475e-13
4494.80600,4.4936e-13
4497.14400,4.3955e-13
4499.48200,4.7771e-13
4501.82000,5.1579e-13
4504.15800,5.7155e-13
4506.49600,6.3777e-13
4508.83400,7.0273e-13
4511.17200,7.8743e-13
4513.51000,8.3724e-13
4515.84800,8.3726e-13
4518.18600,8.4355e-13
4520.52400,8.1792e-13
4522.86200,7.6775e-13
4525.20000,7.1111e-13
4527.53800,6.1368e-13
4529.87600,5.4725e-13
4532.21400,5.3388e-13
4534.55200,5.1357e-13
4536.89000,5.061e-13
4539.22800,5.2375e-13
4541.56600,5.7195e-13
4543.90400,6.4732e-13
4546.24200,7.2991e-13
4548.58000,8.0573e-13
4550.91800,8.6582e-13
4553.25600,8.7854e-13
4555.59400,8.2387e-13
4557.93200,7.721e-13
4560.27000,7.1554e-13
4562.60800,6.3237e-13
4564.94600,5.7157e-13
4567.28400,5.312e-13
4569.62200,5.6406e-13
4571.96000,6.0223e-13
4574.29800,6.3805e-13
4576.63600,7.0307e-13
4578.97400,7.6061e-13
4581.31200,7.9669e-13
4583.65000,8.1096e-13
4585.98800,7.9432e-13
4588.32600,7.7746e-13
4590.66400,7.2866e-13
4593.00200,6.5376e-13
4595.34000,5.6783e-13
4597.67800,5.1031e-13
4600.01600,4.7754e-13
4602.35400,4.4211e-13
4604.69200,4.0572e-13
4607.03000,3.9154e-13
4609.36800,4.0697e-13
4611.70600,4.1615e-13
4614.04400,4.4723e-13
4616.38200,5.0346e-13
4618.72000,5.1839e-13
4621.05800,5.5956e-13
4623.39600,6.1734e-13
4625.73400,6.5777e-13
4628.07200,6.607e-13
4630.41000,7.0133e-13
4632.74800,7.2866e-13
4635.08600,6.9341e-13
4637.42400,6.4071e-13
4639.76200,6.0154e-13
4642.10000,5.5121e-13
4644.43800,5.3992e-13
4646.77600,5.6371e-13
4649.11400,5.4682e-13
4651.45200,5.3437e-13
4653.79000,5.1856e-13
4656.12800,4.9731e-13
4658.46600,5.1082e-13
4660.80400,5.3631e-13
4663.14200,5.6495e-13
4665.48000,5.6883e-13
4667.81800,5.297e-13
4670.15600,4.9921e-13
4672.49400,4.8312e-13
4674.83200,4.4482e-13
4677.17000,4.0692e-13
4679.50800,4.0469e-13
4681.84600,3.9075e-13
4684.18400,3.8119e-13
4686.52200,3.7371e-13
4688.86000,3.4196e-13
4691.19800,3.389e-13
4693.53600,3.5824e-13
4695.87400,3.7817e-13
4698.21200,4.0376e-13
4700.55000,4.0583e-13
4702.88800,3.9003e-13
4705.22600,3.9488e-13
4707.56400,4.0364e-13
4709.90200,3.9187e-13
4712.24000,3.8294e-13
4714.57800,3.8166e-13
4716.91600,3.6738e-13
4719.25400,3.5814e-13
4721.59200,3.5537e-13
4723.93000,3.556e-13
4726.26800,3.67e-13
4728.60600,3.773e-13
4730.94400,3.7324e-13
4733.28200,3.8809e-13
4735.62000,3.7803e-13
4737.95800,3.5197e-13
4740.29600,3.4376e-13
4742.63400,3.3542e-13
4744.97200,3.3798e-13
4747.31000,3.3395e-13
4749.64800,3.1728e-13
4751.98600,3.3527e-13
4754.32400,3.3885e-13
4756.66200,3.3032e-13
4759.00000,3.1707e-13
4761.33800,3.2531e-13
4763.67600,3.2127e-13
4766.01400,3.0864e-13
4768.35200,3.2034e-13
4770.69000,3.4159e-13
4773.02800,3.6205e-13
4775.36600,3.6224e-13
4777.70400,3.593e-13
4780.04200,3.6183e-13
4782.38000,3.5966e-13
4784.71800,3.7004e-13
4787.05600,3.7751e-13
4789.39400,3.7217e-13
4791.73200,3.6781e-13
4794.07000,3.9246e-13
4796.40800,4.0365e-13
4798.74600,3.9369e-13
4801.08400,4.0526e-13
4803.42200,4.2499e-13
4805.76000,4.2585e-13
4808.09800,4.3819e-13
4810.43600,4.3706e-13
4812.77400,4.2738e-13
4815.11200,4.3638e-13
4817.45000,4.2675e-13
4819.78800,4.0586e-13
4822.12600,4.0586e-13
4824.46400,4.1421e-13
4826.80200,4.122e-13
4829.14000,3.8033e-13
4831.47800,3.3584e-13
4833.81600,2.9133e-13
4836.15400,2.4684e-13
4838.49200,1.958e-13
4840.83000,1.8099e-13
4843.16800,2.4504e-13
4845.50600,3.7967e-13
4847.84400,5.6185e-13
4850.18200,7.8508e-13
4852.52000,1.1074e-12
4854.85800,1.5222e-12
4857.19600,1.8723e-12
4859.53400,2.1524e-12
4861.87200,2.2748e-12
4864.21000,2.2292e-12
4866.54800,2.0895e-12
4868.88600,1.8686e-12
4871.22400,1.5614e-12
4873.56200,1.2857e-12
4875.90000,1.0608e-12
4878.23800,8.8562e-13
4880.57600,7.5249e-13
4882.91400,6.2218e-13
4885.25200,5.5545e-13
4887.59000,5.1658e-13
4889.92800,4.9022e-13
4892.26600,4.9219e-13
4894.60400,4.7891e-13
4896.94200,4.3206e-13
4899.28000,4.158e-13
4901.61800,4.0363e-13
4903.95600,3.8072e-13
4906.29400,4.2299e-13
4908.63200,5.2636e-13
4910.97000,6.4794e-13
4913.30800,8.0141e-13
4915.64600,1.0013e-12
4917.98400,1.2369e-12
4920.32200,1.4291e-12
4922.66000,1.5881e-12
4924.99800,1.5995e-12
4927.33600,1.4745e-12
4929.67400,1.2999e-12
4932.01200,1.094e-12
4934.35000,8.8667e-13
4936.68800,7.3952e-13
4939.02600,6.3524e-13
4941.36400,5.4606e-13
4943.70200,4.8385e-13
4946.04000,4.2779e-13
4948.37800,4.006e-13
4950.71600,3.9276e-13
4953.05400,3.8417e-13
4955.39200,3.615e-13
4957.73000,3.5828e-13
4960.06800,3.5523e-13
4962.40600,3.3313e-13
4964.74400,3.3709e-13
4967.08200,3.543e-13
4969.42000,3.4722e-13
4971.75800,3.3926e-13
4974.09600,3.301e-13
4976.43400,3.2563e-13
4978.77200,3.4382e-13
4981.11000,3.3603e-13
4983.44800,3.3971e-13
4985.78600,3.4406e-13
4988.12400,3.5867e-13
4990.46200,3.8146e-13
4992.80000,3.8776e-13
4995.13800,3.9874e-13
4997.47600,4.2194e-13
4999.81400,4.8013e-13
5002.15200,6.1147e-13
5004.49000,7.5833e-13
5006.82800,9.373e-13
5009.16600,1.1382e-12
5011.50400,1.3703e-12
5013.84200,1.5025e-12
5016.18000,1.5435e-12
5018.51800,1.5452e-12
5020.85600,1.5243e-12
5023.19400,1.4298e-12
5025.53200,1.2607e-12
5027.87000,1.1165e-12
5030.20800,9.5907e-13
5032.54600,8.2708e-13
5034.88400,7.5547e-13
5037.22200,6.7403e-13
5039.56000,6.1395e-13
5041.89800,6.1065e-13
5044.23600,6.2829e-13
5046.57400,6.0147e-13
5048.91200,5.8613e-13
5051.25000,5.8627e-13
5053.58800,5.3765e-13
5055.92600,5.2121e-13
5058.26400,5.0827e-13
5060.60200,5.1178e-13
5062.94000,4.7613e-13
5065.27800,4.6751e-13
5067.61600,4.7569e-13
5069.95400,4.5647e-13
5072.29200,4.6601e-13
5074.63000,4.6568e-13
5076.96800,4.2706e-13
5079.30600,4.1313e-13
5081.64400,4.1312e-13
5083.98200,4.168e-13
5086.32000,4.0883e-13
5088.65800,3.7346e-13
5090.99600,3.8666e-13
5093.33400,4.0536e-13
5095.67200,4.0129e-13
5098.01000,3.9797e-13
5100.34800,3.9801e-13
5102.68600,4.0666e-13
5105.02400,4.0451e-13
5107.36200,3.8346e-13
5109.70000,3.9848e-13
5112.03800,4.1504e-13
5114.37600,4.124e-13
5116.71400,4.2313e-13
5119.05200,4.301e-13
5121.39000,4.5104e-13
5123.72800,4.6806e-13
5126.06600,4.7117e-13
5128.40400,4.9408e-13
5130.74200,5.1199e-13
5133.08000,5.0491e-13
5135.41800,4.9877e-13
5137.75600,4.6695e-13
5140.09400,4.6799e-13
5142.43200,4.6837e-13
5144.77000,4.4891e-13
5147.10800,4.3618e-13
5149.44600,4.6029e-13
5151.78400,5.3133e-13
5154.12200,6.6146e-13
5156.46000,8.4477e-13
5158.79800,1.016e-12
5161.13600,1.1957e-12
5163.47400,1.4018e-12
5165.81200,1.5658e-12
5168.15000,1.6931e-12
5170.48800,1.7518e-12
5172.82600,1.6897e-12
5175.16400,1.5642e-12
5177.50200,1.3951e-12
5179.84000,1.1759e-12
5182.17800,1.0049e-12
5184.51600,8.9519e-13
5186.85400,8.4349e-13
5189.19200,8.2477e-13
5191.53000,8.3233e-13
5193.86800,8.5147e-13
5196.20600,8.6749e-13
5198.54400,8.6834e-13
5200.88200,8.4529e-13
5203.22000,7.8253e-13
5205.55800,6.7417e-13
5207.89600,5.733e-13
5210.23400,5.3225e-13
5212.57200,5.1226e-13
5214.91000,4.9855e-13
5217.24800,4.8853e-13
5219.58600,5.1437e-13
5221.92400,5.6079e-13
5224.26200,6.2761e-13
5226.60000,7.055e-13
5228.93800,7.7701e-13
5231.27600,8.6272e-13
5233.61400,8.9019e-13
5235.95200,9.0118e-13
5238.29000,8.6683e-13
5240.62800,7.8955e-13
5242.96600,7.0889e-13
5245.30400,6.4375e-13
5247.64200,5.9464e-13
5249.98000,5.7319e-13
5252.31800,5.7928e-13
5254.65600,5.8657e-13
5256.99400,6.1651e-13
5259.33200,6.5234e-13
5261.67000,7.1429e-13
5264.00800,7.5712e-13
5266.34600,7.9681e-13
5268.68400,8.7646e-13
5271.02200,9.7681e-13
5273.36000,1.0358e-12
5275.69800,1.0528e-12
5278.03600,1.0865e-12
5280.37400,1.0878e-12
5282.71200,9.8394e-13
5285.05000,8.6502e-13
5287.38800,7.3885e-13
5289.72600,6.433e-13
5292.06400,5.7458e-13
5294.40200,5.1945e-13
5296.74000,5.0012e-13
5299.07800,5.258e-13
5301.41600,5.8329e-13
5303.75400,6.5244e-13
5306.09200,7.9734e-13
5308.43000,9.6965e-13
5310.76800,1.1024e-12
5313.10600,1.2273e-12
5315.44400,1.3043e-12
5317.78200,1.3235e-12
5320.12000,1.3062e-12
5322.45800,1.2028e-12
5324.79600,1.0387e-12
5327.13400,9.1736e-13
5329.47200,8.1581e-13
5331.81000,7.4904e-13
5334.14800,7.3262e-13
5336.48600,6.8589e-13
5338.82400,5.9651e-13
5341.16200,5.4952e-13
5343.50000,5.3733e-13
5345.83800,5.1103e-13
5348.17600,4.9791e-13
5350.51400,5.0126e-13
5352.85200,5.3875e-13
5355.19000,5.5294e-13
5357.52800,5.9781e-13
5359.86600,6.4413e-13
5362.20400,6.6261e-13
5364.54200,6.769e-13
5366.88000,6.6093e-13
5369.21800,6.1004e-13
5371.55600,5.8201e-13
5373.89400,5.7438e-13
5376.23200,5.6436e-13
5378.57000,5.6966e-13
5380.90800,5.7843e-13
5383.24600,5.5824e-13
5385.58400,5.2171e-13
5387.92200,4.741e-13
5390.26000,4.5768e-13
5392.59800,4.7342e-13
5394.93600,4.483e-13
5397.27400,4.4482e-13
5399.61200,4.4052e-13
5401.95000,4.4501e-13
5404.28800,4.6859e-13
5406.62600,4.766e-13
5408.96400,4.6433e-13
5411.30200,4.8397e-13
5413.64000,5.0097e-13
5415.97800,4.9591e-13
5418.31600,5.2575e-13
5420.65400,5.1221e-13
5422.99200,5.3618e-13
5425.33000,5.5335e-13
5427.66800,5.6342e-13
5430.00600,5.6532e-13
5432.34400,5.6215e-13
5434.68200,5.3986e-13
5437.02000,5.0245e-13
5439.35800,4.7718e-13
5441.69600,4.5471e-13
5444.03400,4.5928e-13
5446.37200,4.4584e-13
5448.71000,4.346e-13
5451.04800,4.5976e-13
5453.38600,4.7661e-13
5455.72400,4.6124e-13
5458.06200,4.747e-13
5460.40000,5.0181e-13
5462.73800,4.8317e-13
5465.07600,4.8019e-13
5467.41400,4.7891e-13
5469.75200,4.5713e-13
5472.09000,4.7899e-13
5474.42800,5.1126e-13
5476.76600,5.2548e-13
5479.10400,5.0728e-13
5481.44200,4.8495e-13
5483.78000,4.9562e-13
5486.11800,5.0897e-13
5488.45600,4.97e-13
5490.79400,4.8251e-13
5493.13200,5.0383e-13
5495.47000,5.0852e-13
5497.80800,5.2582e-13
5500.14600,5.2722e-13
5502.48400,5.1079e-13
5504.82200,4.8674e-13
5507.16000,4.6423e-13
5509.49800,4.7495e-13
5511.83600,4.7714e-13
5514.17400,4.5351e-13
5516.51200,4.587e-13
5518.85000,5.0649e-13
5521.18800,5.3303e-13
5523.52600,5.471e-13
5525.86400,5.4428e-13
5528.20200,5.6862e-13
5530.54000,6.2177e-13
5532.87800,6.2691e-13
5535.21600,6.536e-13
5537.55400,6.9011e-13
5539.89200,6.9131e-13
5542.23000,6.6329e-13
5544.56800,6.3745e-13
5546.90600,5.9374e-13
5549.24400,5.5961e-13
5551.58200,5.3466e-13
5553.92000,5.0617e-13
5556.25800,5.1045e-13
5558.59600,5.2617e-13
5560.93400,5.4253e-13
5563.27200,5.3685e-13
5565.61000,5.7663e-13
5567.94800,6.3736e-13
5570.28600,7.1835e-13
5572.62400,8.3082e-13
5574.96200,9.284e-13
5577.30000,9.5336e-13
5579.63800,9.2681e-13
5581.97600,8.8346e-13
5584.31400,7.4344e-13
5586.65200,6.1149e-13
5588.99000,5.3628e-13
5591.32800,5.0209e-13
5593.66600,4.8038e-13
5596.00400,4.6454e-13
5598.34200,4.5429e-13
5600.68000,4.5671e-13
5603.01800,4.6111e-13
5605.35600,4.2944e-13
5607.69400,4.297e-13
5610.03200,4.391e-13
5612.37000,4.1958e-13
5614.70800,4.4244e-13
5617.04600,4.651e-13
5619.38400,4.5761e-13
5621.72200,4.5261e-13
5624.06000,4.5666e-13
5626.39800,4.6167e-13
5628.73600,4.5313e-13
5631.07400,4.3852e-13
5633.41200,4.3969e-13
5635.75000,4.4986e-13
5638.08800,4.1695e-13
5640.42600,3.6647e-13
5642.76400,3.4428e-13
5645.10200,3.6051e-13
5647.44000,3.7854e-13
5649.77800,3.7261e-13
5652.11600,3.7021e-13
5654.45400,3.6208e-13
5656.79200,3.7986e-13
5659.13000,4.3503e-13
5661.46800,4.9628e-13
5663.80600,5.1425e-13
5666.14400,5.8619e-13
5668.48200,6.6914e-13
5670.82000,7.0974e-13
5673.15800,7.8595e-13
5675.49600,8.2019e-13
5677.83400,8.3652e-13
5680.17200,8.9114e-13
5682.51000,8.1255e-13
5684.84800,7.6216e-13
5687.18600,7.402e-13
5689.52400,7.2695e-13
5691.86200,7.3116e-13
5694.20000,7.2876e-13
5696.53800,7.1031e-13
5698.87600,6.9775e-13
5701.21400,6.9444e-13
5703.55200,6.3534e-13
5705.89000,6.1909e-13
5708.22800,6.3676e-13
5710.56600,6.557e-13
5712.90400,6.5512e-13
5715.24200,6.5157e-13
5717.58000,6.2032e-13
5719.91800,5.6129e-13
5722.25600,5.434e-13
5724.59400,5.4187e-13
5726.93200,5.2259e-13
5729.27000,5.4668e-13
5731.60800,5.7782e-13
5733.94600,6.3805e-13
5736.28400,6.6706e-13
5738.62200,6.7283e-13
5740.96000,7.2663e-13
5743.29800,8.1423e-13
5745.63600,8.4384e-13
5747.97400,8.4827e-13
5750.31200,9.1509e-13
5752.65000,9.1143e-13
5754.98800,9.2933e-13
5757.32600,9.2053e-13
5759.66400,8.7414e-13
5762.00200,8.0049e-13
5764.34000,7.5041e-13
5766.67800,7.3039e-13
5769.01600,6.8286e-13
5771.35400,6.1698e-13
5773.69200,5.6652e-13
5776.03000,4.9695e-13
5778.36800,4.4005e-13
5780.70600,4.4243e-13
5783.04400,4.374e-13
5785.38200,4.4847e-13
5787.72000,4.8802e-13
5790.05800,4.852e-13
5792.39600,4.856e-13
5794.73400,4.9841e-13
5797.07200,4.6102e-13
5799.41000,4.6715e-13
5801.74800,5.0231e-13
5804.08600,5.1601e-13
5806.42400,5.1905e-13
5808.76200,5.1975e-13
5811.10000,4.8322e-13
5813.43800,4.8208e-13
5815.77600,5.3362e-13
5818.11400,5.5496e-13
5820.45200,5.2186e-13
5822.79000,4.9239e-13
5825.12800,4.9955e-13
5827.46600,5.0902e-13
5829.80400,5.1667e-13
5832.14200,5.0968e-13
5834.48000,5.0073e-13
5836.81800,4.8771e-13
5839.15600,4.9278e-13
5841.49400,4.8144e-13
5843.83200,4.2954e-13
5846.17000,3.8045e-13
5848.50800,3.4589e-13
5850.84600,3.4384e-13
5853.18400,3.8625e-13
5855.52200,4.1237e-13
5857.86000,4.3243e-13
5860.19800,4.2004e-13
5862.53600,4.2529e-13
5864.87400,4.3459e-13
5867.21200,4.3409e-13
5869.55000,4.5928e-13
5871.88800,5.2185e-13
5874.22600,6.1014e-13
5876.56400,7.0932e-13
5878.90200,8.2205e-13
5881.24000,9.5286e-13
5883.57800,1.0426e-12
5885.91600,1.1393e-12
5888.25400,1.2143e-12
5890.59200,1.3223e-12
5892.93000,1.4156e-12
5895.26800,1.4039e-12
5897.60600,1.3282e-12
5899.94400,1.2182e-12
5902.28200,1.0553e-12
5904.62000,9.1945e-13
5906.95800,8.1511e-13
5909.29600,6.9619e-13
5911.63400,6.8429e-13
5913.97200,6.8541e-13
5916.31000,6.3174e-13
5918.64800,6.0119e-13
5920.98600,6.0398e-13
5923.32400,6.2401e-13
5925.66200,6.7008e-13
5928.00000,7.1814e-13
5930.33800,7.285e-13
5932.67600,7.3191e-13
5935.01400,7.3055e-13
5937.35200,7.0042e-13
5939.69000,7.4573e-13
5942.02800,7.6701e-13
5944.36600,7.7541e-13
5946.70400,7.7267e-13
5949.04200,7.4378e-13
5951.38000,7.04e-13
5953.71800,6.6028e-13
5956.05600,5.9526e-13
5958.39400,5.8624e-13
5960.73200,6.2004e-13
5963.07000,5.9276e-13
5965.40800,6.0143e-13
5967.74600,5.9856e-13
5970.08400,5.9032e-13
5972.42200,5.546e-13
5974.76000,5.4747e-13
5977.09800,5.5485e-13
5979.43600,5.7406e-13
5981.77400,6.2759e-13
5984.11200,6.821e-13
5986.45000,6.8199e-13
5988.78800,6.8631e-13
5991.12600,7.0384e-13
5993.46400,6.8974e-13
5995.80200,7.2894e-13
5998.14000,6.9723e-13
6000.47800,6.2931e-13
6002.81600,6.3436e-13
6005.15400,6.4364e-13
6007.49200,6.1979e-13
6009.83000,6.1731e-13
6012.16800,5.8315e-13
6014.50600,5.6586e-13
6016.84400,5.6263e-13
6019.18200,5.2761e-13
6021.52000,5.3941e-13
6023.85800,5.3475e-13
6026.19600,5.3105e-13
6028.53400,5.5072e-13
6030.87200,5.7906e-13
6033.21000,5.5261e-13
6035.54800,5.5934e-13
6037.88600,5.5485e-13
6040.22400,5.3436e-13
6042.56200,5.4597e-13
6044.90000,5.5325e-13
6047.23800,5.5599e-13
6049.57600,5.5027e-13
6051.91400,5.2568e-13
6054.25200,5.317e-13
6056.59000,5.4874e-13
6058.92800,5.3913e-13
6061.26600,5.3235e-13
6063.60400,5.3069e-13
6065.94200,4.9264e-13
6068.28000,4.7902e-13
6070.61800,5.0393e-13
6072.95600,5.0283e-13
6075.29400,5.1126e-13
6077.63200,5.0431e-13
6079.97000,5.0378e-13
6082.30800,5.6052e-13
6084.64600,5.7216e-13
6086.98400,5.6467e-13
6089.32200,5.8214e-13
6091.66000,5.882e-13
6093.99800,6.0928e-13
6096.33600,6.3301e-13
6098.67400,6.1374e-13
6101.01200,5.8119e-13
6103.35000,6.0578e-13
6105.68800,6.2141e-13
6108.02600,5.8828e-13
6110.36400,5.6297e-13
6112.70200,5.7765e-13
6115.04000,5.891e-13
6117.37800,5.5416e-13
6119.71600,5.4792e-13
6122.05400,5.4354e-13
6124.39200,5.2487e-13
6126.73000,5.2999e-13
6129.06800,5.1164e-13
6131.40600,5.2379e-13
6133.74400,5.8397e-13
6136.08200,6.2902e-13
6138.42000,6.5421e-13
6140.75800,7.4033e-13
6143.09600,8.083e-13
6145.43400,8.8165e-13
6147.77200,9.5714e-13
6150.11000,9.4925e-13
6152.44800,9.1683e-13
6154.78600,9.6257e-13
6157.12400,9.2378e-13
6159.46200,8.0242e-13
6161.80000,7.4502e-13
6164.13800,6.8957e-13
6166.47600,6.8804e-13
6168.81400,7.3572e-13
6171.15200,7.1652e-13
6173.49000,6.7963e-13
6175.82800,6.9508e-13
6178.16600,6.5469e-13
6180.50400,6.2154e-13
6182.84200,6.2406e-13
6185.18000,6.0819e-13
6187.51800,5.7766e-13
6189.85600,5.5685e-13
6192.19400,5.4077e-13
6194.53200,5.5375e-13
6196.87000,5.5809e-13
6199.20800,5.2025e-13
6201.54600,5.028e-13
6203.88400,4.9757e-13
6206.22200,5.0531e-13
6208.56000,4.9268e-13
6210.89800,5.2074e-13
6213.23600,5.6703e-13
6215.57400,5.508e-13
6217.91200,5.4175e-13
6220.25000,5.2428e-13
6222.58800,5.3985e-13
6224.92600,6.0822e-13
6227.26400,6.6288e-13
6229.60200,7.2544e-13
6231.94000,8.008e-13
6234.27800,8.5557e-13
6236.61600,9.2833e-13
6238.95400,9.852e-13
6241.29200,1.0227e-12
6243.63000,1.0643e-12
6245.96800,1.0395e-12
6248.30600,9.6129e-13
6250.64400,9.2321e-13
6252.98200,8.9936e-13
6255.32000,8.693e-13
6257.65800,7.7675e-13
6259.99600,7.2129e-13
6262.33400,7.0338e-13
6264.67200,6.4789e-13
6267.01000,6.3199e-13
6269.34800,6.1468e-13
6271.68600,6.1219e-13
6274.02400,5.897e-13
6276.36200,5.4503e-13
6278.70000,5.6939e-13
6281.03800,6.1979e-13
6283.37600,6.3254e-13
6285.71400,6.6731e-13
6288.05200,8.5714e-13
6290.39000,1.2619e-12
6292.72800,1.8254e-12
6295.06600,2.1917e-12
6297.40400,2.4388e-12
6299.74200,2.5948e-12
6302.08000,2.5058e-12
6304.41800,2.3058e-12
6306.75600,2.0239e-12
6309.09400,1.5909e-12
6311.43200,1.1503e-12
6313.77000,8.8475e-13
6316.10800,7.8497e-13
6318.44600,7.7787e-13
6320.78400,7.9765e-13
6323.12200,7.8283e-13
6325.46000,7.6608e-13
6327.79800,7.8494e-13
6330.13600,7.7715e-13
6332.47400,7.5325e-13
6334.81200,7.3594e-13
6337.15000,7.3561e-13
6339.48800,7.6233e-13
6341.82600,7.7415e-13
6344.16400,7.1292e-13
6346.50200,6.8472e-13
6348.84000,7.3071e-13
6351.17800,7.7468e-13
6353.51600,8.5889e-13
6355.85400,1.0504e-12
6358.19200,1.2509e-12
6360.53000,1.334e-12
6362.86800,1.3358e-12
6365.20600,1.3446e-12
6367.54400,1.3395e-12
6369.88200,1.2631e-12
6372.22000,1.1077e-12
6374.55800,9.6483e-13
6376.89600,9.101e-13
6379.23400,8.4827e-13
6381.57200,8.3221e-13
6383.91000,8.6285e-13
6386.24800,8.1087e-13
6388.58600,8.1619e-13
6390.92400,8.3274e-13
6393.26200,7.9635e-13
6395.60000,7.6122e-13
6397.93800,7.1368e-13
6400.27600,7.0437e-13
6402.61400,7.1168e-13
6404.95200,7.0948e-13
6407.29000,6.8728e-13
6409.62800,6.7374e-13
6411.96600,7.1833e-13
6414.30400,7.4818e-13
6416.64200,7.4702e-13
6418.98000,7.0217e-13
6421.31800,6.9166e-13
6423.65600,7.6433e-13
6425.99400,7.8e-13
6428.33200,7.6214e-13
6430.67000,7.7449e-13
6433.00800,7.6687e-13
6435.34600,7.3436e-13
6437.68400,7.9094e-13
6440.02200,8.4304e-13
6442.36000,8.3713e-13
6444.69800,8.7862e-13
6447.03600,9.3931e-13
6449.37400,1.0076e-12
6451.71200,1.0624e-12
6454.05000,1.0693e-12
6456.38800,1.0852e-12
6458.72600,1.1247e-12
6461.06400,1.1569e-12
6463.40200,1.1271e-12
6465.74000,1.0402e-12
6468.07800,9.6249e-13
6470.41600,8.7624e-13
6472.75400,8.3203e-13
6475.09200,8.6891e-13
6477.43000,8.9133e-13
6479.76800,9.6674e-13
6482.10600,9.4056e-13
6484.44400,9.3345e-13
6486.78200,9.2451e-13
6489.12000,9.666e-13
6491.45800,9.3186e-13
6493.79600,8.5108e-13
6496.13400,8.252e-13
6498.47200,8.2787e-13
6500.81000,8.6736e-13
6503.14800,9.2648e-13
6505.48600,8.8639e-13
6507.82400,8.6643e-13
6510.16200,9.534e-13
6512.50000,9.5723e-13
6514.83800,9.3e-13
6517.17600,9.1867e-13
6519.51400,8.8057e-13
6521.85200,8.8535e-13
6524.19000,8.8475e-13
6526.52800,8.0007e-13
6528.86600,7.1141e-13
6531.20400,6.5657e-13
6533.54200,7.8163e-13
6535.88000,1.1608e-12
6538.21800,1.9381e-12
6540.55600,3.3515e-12
6542.89400,5.1342e-12
6545.23200,6.9807e-12
6547.57000,8.815e-12
6549.90800,1.0943e-11
6552.24600,1.4048e-11
6554.58400,1.7051e-11
6556.92200,1.9053e-11
6559.26000,2.0044e-11
6561.59800,2.0446e-11
6563.93600,2.1106e-11
6566.27400,2.1516e-11
6568.61200,2.1095e-11
6570.95000,2.0368e-11
6573.28800,1.9118e-11
6575.62600,1.6957e-11
6577.96400,1.4258e-11
6580.30200,1.1724e-11
6582.64000,9.4412e-12
6584.97800,7.3926e-12
6587.31600,5.4084e-12
6589.65400,3.8991e-12
6591.99200,3.0482e-12
6594.33000,2.5001e-12
6596.66800,2.046e-12
6599.00600,1.6908e-12
6601.34400,1.4961e-12
6603.68200,1.3613e-12
6606.02000,1.2523e-12
6608.35800,1.2321e-12
6610.69600,1.1749e-12
6613.03400,9.9313e-13
6615.37200,8.862e-13
6617.71000,9.0794e-13
6620.04800,8.8242e-13
6622.38600,8.3457e-13
6624.72400,8.367e-13
6627.06200,7.8793e-13
6629.40000,7.6561e-13
6631.73800,7.7669e-13
6634.07600,7.3009e-13
6636.41400,7.4115e-13
6638.75200,7.8221e-13
6641.09000,7.0159e-13
6643.42800,6.321e-13
6645.76600,5.8435e-13
6648.10400,5.2692e-13
6650.44200,5.9697e-13
6652.78000,6.4198e-13
6655.11800,6.3487e-13
6657.45600,6.8397e-13
6659.79400,6.8088e-13
6662.13200,6.912e-13
6664.47000,7.5183e-13
6666.80800,7.4803e-13
6669.14600,7.2325e-13
6671.48400,7.8152e-13
6673.82200,8.2741e-13
6676.16000,8.6927e-13
6678.49800,8.9852e-13
6680.83600,8.4175e-13
6683.17400,8.2364e-13
6685.51200,7.8182e-13
6687.85000,7.2779e-13
6690.18800,6.5729e-13
6692.52600,6.1904e-13
6694.86400,6.2908e-13
6697.20200,6.7769e-13
6699.54000,6.3452e-13
6701.87800,5.862e-13
6704.21600,6.0823e-13
6706.55400,6.7347e-13
6708.89200,7.3657e-13
6711.23000,7.5084e-13
6713.56800,7.3171e-13
6715.90600,7.4234e-13
6718.24400,7.4627e-13
6720.58200,7.8918e-13
6722.92000,8.4659e-13
6725.25800,7.974e-13
6727.59600,7.5936e-13
6729.93400,7.2925e-13
6732.27200,7.2123e-13
6734.61000,7.093e-13
6736.94800,6.9068e-13
6739.28600,7.1467e-13
6741.62400,6.4671e-13
6743.96200,6.0065e-13
6746.30000,5.7824e-13
6748.63800,5.8266e-13
6750.97600,5.8778e-13
6753.31400,5.6456e-13
6755.65200,6.2774e-13
6757.99000,6.1988e-13
6760.32800,6.047e-13
6762.66600,6.169e-13
6765.00400,5.6753e-13
6767.34200,6.3608e-13
6769.68000,6.8307e-13
6772.01800,7.0838e-13
6774.35600,7.5003e-13
6776.69400,6.5052e-13
6779.03200,6.8882e-13
6781.37000,8.2407e-13
6783.70800,8.7342e-13
6786.04600,8.1004e-13
6788.38400,7.4517e-13
6790.72200,7.9832e-13
6793.06000,8.4017e-13
6795.39800,7.8492e-13
6797.73600,6.7478e-13
6800.07400,6.3749e-13
6802.41200,6.3818e-13
6804.75000,6.9333e-13
6807.08800,7.125e-13
6809.42600,6.3203e-13
6811.76400,6.6933e-13
6814.10200,6.7416e-13
6816.44000,6.7785e-13
6818.77800,7.2892e-13
6821.11600,7.0042e-13
6823.45400,6.9042e-13
6825.79200,7.0193e-13
6828.13000,7.3954e-13
6830.46800,7.2406e-13
6832.80600,7.1287e-13
6835.14400,6.6656e-13
6837.48200,6.6056e-13
6839.82000,7.3682e-13
6842.15800,6.7127e-13
6844.49600,6.7194e-13
6846.83400,7.0855e-13
6849.17200,6.2878e-13
6851.51000,6.3971e-13
6853.84800,6.7441e-13
6856.18600,6.9642e-13
6858.52400,6.8157e-13
6860.86200,6.7137e-13
6863.20000,6.7239e-13
6865.53800,5.6858e-13
6867.87600,5.2774e-13
6870.21400,5.5532e-13
6872.55200,5.2152e-13
6874.89000,4.8732e-13
6877.22800,5.3388e-13
6879.56600,6.0286e-13
6881.90400,6.7156e-13
6884.24200,7.0989e-13
6886.58000,6.7711e-13
6888.91800,5.9351e-13
6891.25600,5.7217e-13
6893.59400,6.6181e-13
6895.93200,6.6951e-13
6898.27000,5.7613e-13
6900.60800,5.9356e-13
6902.94600,5.5135e-13
6905.28400,5.7856e-13
6907.62200,5.948e-13
6909.96000,6.1829e-13
6912.29800,6.5519e-13
6914.63600,6.46e-13
6916.97400,5.5189e-13
6919.31200,6.4422e-13
6921.65000,6.5872e-13
6923.98800,5.8052e-13
6926.32600,5.8204e-13
6928.66400,6.0938e-13
6931.00200,6.2278e-13
6933.34000,5.3198e-13
6935.67800,5.3717e-13
6938.01600,5.9002e-13
6940.35400,5.516e-13
6942.69200,5.1353e-13
6945.03000,6.3392e-13
6947.36800,6.6201e-13
6949.70600,6.3681e-13
6952.04400,6.6997e-13
6954.38200,6.3606e-13
6956.72000,7.0548e-13
6959.05800,6.7099e-13
6961.39600,6.8573e-13
6963.73400,7.252e-13
6966.07200,5.9486e-13
6968.41000,6.056e-13
6970.74800,5.9194e-13
6973.08600,6e-13
6975.42400,6.9096e-13
6977.76200,5.4153e-13
6980.10000,5.5036e-13
6982.43800,6.2578e-13
6984.77600,6.7357e-13
6987.11400,7.5587e-13
6989.45200,6.762e-13
6991.79000,5.8458e-13
6994.12800,5.8741e-13
6996.46600,4.8609e-13
6998.80400,5.6676e-13
7001.14200,6.962e-13
7003.48000,7.1506e-13
7005.81800,6.0446e-13
7008.15600,7.1081e-13
7010.49400,7.7726e-13
7012.83200,6.2491e-13
7015.17000,7.0534e-13
7017.50800,6.0839e-13
7019.84600,6.5653e-13
7022.18400,6.5114e-13
7024.52200,6.3954e-13
7026.86000,5.5026e-13
7029.19800,5.6608e-13
7031.53600,6.1774e-13
7033.87400,7.1324e-13
7036.21200,6.9755e-13
7038.55000,7.3766e-13
7040.88800,7.1247e-13
7043.22600,8.7503e-13
7045.56400,7.7649e-13
7047.90200,5.7373e-13
7050.24000,5.8319e-13
7052.57800,6.6317e-13
7054.91600,5.6047e-13
7057.25400,8.4026e-13
7059.59200,9.2622e-13
7061.93000,9.7149e-13
7064.26800,9.1933e-13
7066.60600,9.7084e-13
7068.94400,8.8622e-13
7071.28200,1.0179e-12
7073.62000,9.3638e-13
7075.95800,8.9365e-13
7078.29600,7.7959e-13
7080.63400,8.4508e-13
7082.97200,9.3721e-13
7085.31000,1.0919e-12
7087.64800,8.9139e-13
7089.98600,7.7156e-13
7092.32400,8.1354e-13
7094.66200,7.8904e-13
7097.00000,9.784e-13
7099.33800,9.1827e-13
7101.67600,8.6473e-13
7104.01400,8.2375e-13
7106.35200,8.391e-13
7108.69000,9.0659e-13
7111.02800,9.1114e-13
7113.36600,1.1049e-12
7115.70400,1.0985e-12
7118.04200,1.1204e-12
7120.38000,1.0569e-12
7122.71800,1.0859e-12
7125.05600,8.829e-13
7127.39400,8.977e-13
7129.73200,7.9219e-13
7132.07000,7.7583e-13
7134.40800,6.6806e-13
7136.74600,5.9384e-13
7139.08400,6.054e-13
7141.42200,6.259e-13